title,content,reading
美国宣布将不派任何外交或官方代表出席2022年北京冬奥会，外交部回应,"责任编辑：赵立坚强调，北京冬奥会是全球冬奥运动员和冰雪运动爱好者的盛会，他们才是主角。国际奥委会在内的国际社会高度认可中方筹办工作，外国运动员热切期待来华参赛，其中包括数量众多的美国运动员。我们相信在奥林匹克精神指引下，在各方共同努力下，中国一定能为世界呈现一届简约、安全、精彩的奥运盛会。美方应停止将体育运动政治化，停止干扰破坏北京冬奥会的言行，否则将损害两国在一系列重要领域和国际地区问题上的对话合作。赵立坚指出，冬奥会不是政治作秀和搞政治操弄的舞台。根据奥运规则，各国官员出席奥运会，应由本国奥委会邀请。美国政府官员是否出席北京冬奥会，是否来为自己的运动员加油，是美方自己的事。在未收到邀请情况下，美方把是否派政府官员出席同所谓“新疆人权问题”挂钩，这完全是颠倒黑白、错上加错、自欺欺人。美国的政治图谋不得人心也注定失败。美方做法严重违背奥林匹克宪章确立的体育运动政治中立原则，同更团结的奥林匹克格言背道而驰，站在了全世界广大运动员和体育爱好者的对立面。中方对美方表态强烈不满、坚决反对，已向美方提出严正交涉，并将作出坚决反制。赵立坚表示，美方炮制所谓新疆存在""种族灭绝""的世纪谎言，早已被事实戳穿。美方基于意识形态偏见，基于谎言、谣言试图干扰北京冬奥会，这只会让人看清美方的险恶用心，只会使美方更加丧失道德和信誉。说到“种族灭绝”，美国历史上对印第安原住民犯下的罪行才是真正的种族灭绝，这顶帽子美国自己戴最合适不过。据央视新闻，12月7日，外交部发言人赵立坚主持例行记者会。有记者提问，12月6日，美方宣布，拜登政府将不派任何外交或官方代表出席2022年北京冬奥会。中方对此有何评论？原标题：美国宣布将不派任何外交或官方代表出席2022年北京冬奥会，外交部回应",['40万']
title,content,reading
日本99名议员特殊日子“拜鬼”，中国外交部：蓄意为之，刻意挑衅,责任编辑：赵立坚指出，靖国神社是日本军国主义分子发动对外侵略战争的精神工具和象征，供奉有14名二战甲级战犯。日本政要参拜靖国神社，再次反映出日方对待自身侵略历史不思反省的错误态度。中方对此坚决反对，日方应恪守中日四个政治文件原则，正视并深刻反省侵略历史，同军国主义划清界限，以实际行动取信于亚洲邻国和国际社会。发言人赵立坚对此表示，80年前的今天，日本偷袭珍珠港，发动太平洋战争。日本大批政要选择今天高调参拜靖国神社，绝非偶然，恐怕是蓄意为之，刻意挑衅。靖国神社里面有个游就馆，宣称珍珠港事件是当年美国阴谋将日本拉入战争的圈套，日本被逼无奈才发动自卫战争。日本政客在今天这个特殊的日子里招摇过市，对靖国神社顶礼膜拜，究竟意欲何为？【环球时报-环球网报道记者乌元春】在12月7日的外交部例行记者会上，环球时报-环球网记者提问：据报道，包括9名副部长级政府官员在内，日本跨党派国会议员团体“大家一起参拜靖国神社国会议员之会”99名议员今天集体参拜了靖国神社。中方对此有何评论?原标题：日本99名议员特殊日子“拜鬼”，中国外交部：蓄意为之，刻意挑衅,['2423']
title,content,reading
内蒙古满洲里市新增确诊病例26例,责任编辑：央视新闻客户端消息，12月7日0时至14时，内蒙古满洲里市新增确诊病例26例。截至目前，满洲里市本轮疫情累计报告新冠肺炎确诊病例达435例。新增的确诊病例中，其中19例是在集中隔离人员核酸检测中检出，4例为封管控区核酸检测中检出，3例为居家封闭隔离核酸检测中检出。截至目前，满洲里市累计报告新冠肺炎确诊病例391例。12月6日0时至14时，新增密切接触者44人，累计排查密切接触者11392人。原标题：内蒙古满洲里市新增确诊病例26例,['22万']
title,content,reading
中央政治局会议首提促进房地产业“良性循环”，是什么信号？,责任编辑：中信证券报告认为，11月份销售继续同比大幅下降，但除去值得担心交付问题的企业，样本公司的销售降幅18%，按揭贷款放款时间明显变快，一手和二手市场较之10月略有恢复。未来几个月，包括存量项目转让在内的土地市场预计开始恢复，2022年3月房屋销售可能回暖。即便消费者顾虑交付问题，困境中的企业也可以通过转让项目回流资金，市场有能力进入良性循环。但是，仍可能存在个别大中型房企经营不善，无法按期偿付债务，进入债务重组阶段的风险；不少区域房价继续下行的风险。良性循环的关键在于企业销售-投资-销售的链条运转。“我们认为，2022年3月将有望出现基本面的底部。”贝壳研究院研究发现，在限贷政策下，低总价刚需群体受到的影响最大，需要更长的时间才能获得贷款，贷款成本也在上升，低总价二手房交易量下降更加明显。同时，由于各地实行严格的认房认贷政策，卖一买一这样的置换需求被视为购买多套，贷款成本和贷款难度增加，也抑制了改善型换房需求的释放。如果这些需求长期被压制，会导致市场快速萎缩，后续可能会出现集中释放，不利于市场平稳发展。此次政治局会议提出，要支持商品房市场更好满足购房者的合理住房需求，预计未来在首次购房和改善性换房方面会有更好的政策支持，贷款环境会更友好。“比如，新房循环不畅。受房企债务违约，担心房子交付不了，以及房价下跌预期影响，购房者买房情绪降低。二手房循环不畅。因为交易成本高，银行不给贷款，二手房交易下滑更明显，导致换房需求受影响，也冲击新房。一旦整个链条循环不畅，导致房地产明显下行，也会拖累经济增长。因此，政策开始从整个循环链条的每一个环节开始疏通，包括调整土地出让的政策，降低拿地门槛，增加开发贷款投放力度，重启并购贷款，合理发放住房贷款等。”在广东省住房政策研究中心首席研究员李宇嘉看来，中央政治局会议提出“良性循环”，也意味着现在房地产市场循环可能不畅。“前几个月，房地产行业中少数企业出现了短暂流动性问题，我国房地产政策一直保持高压态势，坚持房住不炒的大原则不变。但同时，政策层面也通过降准的方式，来缓解房地产行业流动性紧张的问题，防止违约，为房地产行业运营提供合理流动性，以保持房地产行业整体稳健发展。”中南财经政法大学数字经济研究院执行院长、教授盘和林说。同日，央行发布消息称，为支持实体经济发展，促进综合融资成本稳中有降，决定于2021年12月15日下调金融机构存款准备金率0.5个百分点（不含已执行5%存款准备金率的金融机构）。本次下调后，金融机构加权平均存款准备金率为8.4%。此次降准共计释放长期资金约1.2万亿元。“中央政治局会议的信号是比较明确的，之前可能一些政策收得太紧了，一些企业的资金流动性出现了问题，或者债务出现了违约，当然有些是无法避免的，总体上来说是为了防止更多的企业出现暴雷的情况，因为房地产一旦暴跌，对整个宏观经济占有很大的影响。”顾云昌认为，后续房企的融资环境有望继续改善。中信证券报告指出，近期，不少房地产企业面临借新还旧压力，商品房销售则在2021年三季度后开始降温。受此影响，第二、第三批土地集中出让流拍率大幅提升，四季度政府性基金收入大幅下降。房地产行业的现金流入和现金流出都大幅下降，也影响了整个产业链甚至金融体系的稳定，威胁了购房人的权益。我们相信，促进房地产业良性循环，首先就是稳定产业各参与主体的预期，向健康发展的企业释放必要的流动性，也是肯定房地产企业对社会的贡献，肯定商品房市场的作用，更是加快按揭贷款的投放，稳住企业的销售回款。中指研究院报告提到，下半年以来，随着房地产信贷以及预售资金监管收紧，销售市场及土地市场均明显降温，叠加个别房企风险问题暴露，市场信心进一步受挫，从企业融资到投资拿地、开工建设、销售回款、竣工交付等环节均不同程度遇阻，现阶段良性循环对行业发展尤为重要。中央提及“良性循环”，亦表明监管层已关注到当前市场循环路径遇阻带来的风险。“市场过热的时候要浇冷水，但水也不能浇得太多了，总的来说就是要适量。”全国房地产商会联盟主席、住建部住房政策专家委员会原副主任顾云昌对澎湃新闻表示，房地产市场有一定的周期性，过去一般是二至三年一个周期，房地产市场由供求关系决定了它的周期性变化，房地产的周期性也和国家的整个经济周期密切相关。“良性循环就是房地产业和宏观经济协调发展。在改善居民住房条件的同时，也促进经济的发展。”中国社科院财经战略研究院住房大数据项目组组长邹琳华说。中国社会科学院城环所研究员、房地产蓝皮书执行主编王业强指出，良性循环反映的是一个更加积极的政策信号，对房地产不是单纯限制，要让它与国民经济形成良性互动。其实，在今年11月24日，《人民日报》曾刊发中共中央政治局委员、国务院副总理刘鹤署名文章《必须实现高质量发展》，文章中亦提及“良性循环”一词。文中提到，要坚持房子是用来住的、不是用来炒的定位，因城施策、分类指导，着力稳地价、稳房价、稳预期，落实好房地产市场长效机制，顺应居民高品质住房需求，更好解决居民住房问题，促进房地产行业平稳健康发展和良性循环。以往中央政治局会议对房地产业的表述，主要提及“房住不炒”、“促进房地产市场平稳健康发展”，而今年对于房地产市场的说法有变，提到了促进房地产业“良性循环”。“良性循环”一词也是首次在中央政治局会议中提出。12月6日，中共中央政治局召开会议，分析研究2022年经济工作。会议强调，明年经济工作要稳字当头、稳中求进。房地产方面，会议明确，要推进保障性住房建设，支持商品房市场更好满足购房者的合理住房需求，促进房地产业健康发展和良性循环。原标题：中央政治局会议首提促进房地产业“良性循环”，是什么信号？,['1355']
title,content,reading
延长产假增设育儿假能否缓解年轻人的生育焦虑,"责任编辑：叶明欣表示，目前延长的产假有生育保险可以保障女性休假期间的薪资，但是新增加的育儿假带来的经济成本如何分担，还需进一步明确。朱飞认为，提高生育率是个系统工程，不单单是延长产假和增加育儿假，政府投入相应资金，提高婴幼儿托管育社会服务设施的供给数量和质量，增加在相关社会服务专业人才培养的投入，切实解决年轻人不敢生的问题，更为重要。目前，在我国，0至3岁幼儿的托幼服务主要由家庭自行承担，社会化、市场化托育服务还存在较大缺口。北京义贤律师事务所律师叶明欣对记者表示，为配合三孩政策的落实，各地都在调整计生政策，这个立法过程仍需充分吸纳民意，听取各方，特别是用人单位和女性职工的声音，在此基础上科学论证、制定符合当地实际情况的新规则。“政府部门应出台政策，通过财政补贴、税费减免等措施补偿用人单位的成本，共担生育成本，用人单位才能更积极配合这些政策的落地。”朱飞说。“工作中，由于生育二孩三孩对用人单位发展和人均效能等都会形成潜在影响，延长产假、增加育儿假等措施可能会导致女性就业更加困难，进而导致年轻人对生育问题更加焦虑。”朱飞说，这些成本全由用人单位负担显然是不现实的，要避免政府释放生育红利、完全由用人单位“埋单”现象发生。华中科技大学的调查结果还显示，生育一个孩子将使家庭劳动力市场总收入下降约5.6%；继续生育第二个孩子的家庭劳动力市场总收入再次下降约7.1%。值得注意的是，在近日公开征求意见的《湖南省人口与计划生育条例（修正案草案）》中，“修改依据和理由”一栏中提到：假期过长有可能影响女性就业，从长远看，不利于维护和发展女性权益。朱飞认为，这段话相当中肯，是对待生育的客观、理性说法。应该承认，现代社会生活、工作节奏越来越快，一个育龄女性较长时间脱离职场后，返回职场后面临的种种困难都相当大，这对其职业发展和职业生涯的连续性都可能带来巨大冲击。中央财经大学人力资源管理系教授朱飞在接受中青报中青网记者采访时说，延长产假，对女性的种种好处显而易见，但也要看到其执行的难度以及可能带来的潜在问题。例如，一些地方政策明确规定，休生育假不影响晋级、调整工资、计算工龄。但在具体实践中，大幅延长的假期、以及可能出现的二孩和三孩情形，对用人单位形成的潜在挑战相当大，执行过程中，生育者休完产假之后，工作岗位还在不在，晋级和工资调整是否能通过相应考核等，这些问题都需要考虑。华中科技大学社会学院日前发布的一项对25个省（市、自治区）共计7642人进行的调查显示，与生育之前相比，生育一个孩子使得妻子的就业几率下降约6.6%；继续生育第二个孩子的妻子，其就业几率再次下降9.3%。“以后女孩子找工作估计更难了。”看到多地延长产假的规定，一位正在求职的女孩说，自己找工作过程中，被问得最多的一句话就是，“打算多久结婚生孩子？”小唐说：""延长产假对于我来说，无疑是一件大好事，但产假结束后，我还得面临重返职场的问题，我在政府部门做公务员，很担心休产假回去后，工作位置没了，不一定能被领导重用。”记者注意到，各地调整计生政策大都规定了：延长产假、生育假、夫妻双方享受育儿假等；发放生育津贴或补贴金；参保女职工生育三孩的费用纳入生育保险待遇支付范围。规定再婚夫妻也可以生育三个孩子.陕西省司法厅近日就《陕西省人口与计划生育条例（修订草案征求意见稿）》征求意见，征求意见稿中规定：合法生育的父母在子女一至三周岁期间，每年给予父母双方各不低于三十天的育儿假。浙江省、广东省修订后的人口与计划生育条例中都作了规定，再婚夫妻生育子女的数量，按照再婚后夫妻共同生育的子女数计算，再婚夫妻再婚前生育的子女数不进行合并计算，也就是再婚夫妻再婚后也可以生育三个孩子。浙江省新修订的《浙江省人口与计划生育条例》规定，生育一孩的产假为158天，生育二孩、三孩的产假为188天。妇女产假的期限自生育之日起按照自然日计算，包含国家法定节假日、休息日和职业假。不影响晋级、调整工资、计算工龄。11月26日，《北京市人民代表大会常务委员会关于修改<北京市人口与计划生育条例>的决定》通过，其中规定，按规定生育子女的夫妻，女方除享受国家规定的产假外，享受延长生育假60日，男方享受陪产假15日。中国青年报客户端讯（中青报中青网记者李桂杰）在北京工作的小唐最近称自己“痛并快乐着”，她怀孕二胎已经有六个月了，“家里两边老人身体都不太好，谁来帮我带孩子呀？”这个问题让她特别心焦，她注意到了，全国各地已相继完成了地方人口与计划生育条例的修改工作，密集出台鼓励生育措施。据不完全统计，截至目前，全国已经有20多个省份完成修法或启动修法，其中延长产假、增设育儿假、发放生育补贴备受关注。原标题：延长产假增设育儿假能否缓解年轻人的生育焦虑",['71万']
title,content,reading
官方回应“抢甘蔗”事件：登门向老人道歉，终止与涉事公司合作,责任编辑：校对危卓7日上午，水果店王先生告诉新京报记者，今天一早，他赶往老人家里询问情况，老人老伴表示，老人已经被附近一位热心商户拉到自己门面里卖甘蔗去了。12月6日晚，南通市海门区三星镇政府发布情况说明称，经三星镇政府核实，身着制服的为第三方市容公司人员，其现场处置过程简单粗暴。7日，海门区政府对后续处理作出说明，目前，已终止与该公司合作，区纪委介入调查，对镇政府及城管部门相关责任人启动问责程序。三星镇政府将登门向老人致歉。另外，一位开水果店的王先生告诉新京报记者，很多老人会在家里种一两亩甘蔗，带到街上自己卖。“本地的甘蔗比较小，水果店一般不卖。很多老人都是在路边上卖。”有现场目击者透露，老人被搬走甘蔗的主要原因可能是涉嫌占道经营。他表示，“大概三四年前，我们这个地方就开始有城管巡逻了，所以现在流动商铺是不允许经营的，但是时常还可以看到有些老人推着小车在市场上售卖。”王先生表示，当时没有发生推搡的情况。甘蔗被没收后，老人独自站在街口哭了两三分钟。“我们觉得老人很不容易，几个店主还在说要组建一个甘蔗群，以后不要让老人在街上卖了，如果有要买甘蔗的，直接在群里下单就好了。”现场目击者王先生告诉新京报记者，事发地点位于海门区现代大道叠石桥百汇小区西南侧的市场附近，城管人员每天都会来巡逻。6日中午，大概有20多个穿着“静通市容”制服的工作人员，“他们一看到卖甘蔗的老人骑着车子过来，就冲上去把老人的甘蔗没收了，中间并无沟通劝阻。”网传视频显示，多名身穿“静通市容”制服的工作人员围着一个推自行车售卖甘蔗的老人，将老人的甘蔗全部搬走，之后乘坐一辆写有“静通市容”的车离开。老人站在原地失声痛哭。新京报讯（记者吴梦真实习生孙卿悦）12月6日，江苏南通海门区三星镇，多名身穿市容制服的工作人员围抢路边卖甘蔗老人的甘蔗，此事引发关注。7日，三星镇政府工作人员表示，身着制服的为第三方市容公司人员，目前，已终止与该公司合作。海门区政府对后续处理作出说明，区纪委介入调查，对镇政府及城管部门相关责任人启动问责程序，三星镇政府将登门向老人致歉。7日上午，水果店王先生告诉新京报记者，今天一早，他赶往老人家里询问情况，老人老伴表示，老人已经被附近一位热心商户拉到自己门面里卖甘蔗去了。原标题：官方回应“抢甘蔗”事件：登门向老人道歉，终止与涉事公司合作,['6457']
title,content,reading
南通涉事市容公司称“强夺老人甘蔗”视频断章取义：已报警,"责任编辑：上海大邦律师事务所律师丁金坤告诉澎湃新闻，在这起新闻事件中，当地政府执法外包，缺乏法律依据。根据《行政处罚法》第20条、第21条规定，行政机关不得委托其他组织或者个人实施行政处罚，委托行政机关对受委托组织实施行政处罚的行为应当负责监督，并对该行为的后果承担法律责任。政府购买服务的第三方市容管理公司工作人员有无执法权？7日，澎湃新闻刊发评论称，无论是作为行政强制措施的“扣押”行为，还是作为行政处罚措施的“没收”行为，我国法律都明确只能由执法机关的国家工作人员来行使，不能够由企业的员工来“执法”，这是我国《行政处罚法》《行政强制法》的明确规定。当地政府与江苏静通市容管理服务有限公司签订协议，购买服务，要求“静通市容”“按合同承担市容管理相关工作”，执法权是不能因为一纸协议授予“公司临时工”来行使。工商信息显示，江苏静通市容管理服务有限公司成立于2017年07月7日，注册地位于南通市海门区三星镇，法定代表人为张某鲲。经营范围包括（治理）城市乱涂、乱画、乱扔杂物、乱倒渣土、乱贴小广告的市容管理服务；城市市容协调检查服务等。7日，事发地南通海门三星镇镇长袁卫涛回应澎湃新闻称，视频中着制服人员属政府购买服务的第三方市容管理公司，已约谈公司，对责任人暂停工作。并将于7日登门拜访当事人，向其道歉。稍早前，6日深夜，三星镇政府通过官方微信发布情况通报称，经三星镇政府核实，身着保安制服的为该镇购买服务的第三方市容公司人员，按合同承担市容管理相关工作。其现场处置过程简单粗暴，与约定工作要求格格不入。“对此我们深感痛心，同时对相关人员的行为给老人造成的伤害，深表歉意。”通报称，目前，该镇已暂停该公司相关责任人员工作，启动程序开展调查，并依照规定进行问责。7日，南通市公安局三星镇派出所一位接警员告诉澎湃新闻，6日事发时，有人报警，警方曾出警协调解决。“当时，他们（静通市容管理服务有限公司）正在执行公务。”前述工作人员还表示，在当地农贸市场，专门为农民设置了自产自销区，当地农户要卖东西都可以去那，也不收摊位费。但是视频中的老人为了多卖甘蔗，推车在街头售卖。在此之前，市容管理员见到老人售卖后曾多次劝阻，但老人没有听从，市容管理员才多人将甘蔗拿走。张先生称，目前对甘蔗等只是暂扣，只要老人写了保证书不再沿街售卖后，就会将甘蔗还给老人。澎湃新闻要求前述工作人员提供原视频证实上述说法，前述工作人员表示，“现在正在忙，我正在处理”。针对该视频内容，12月7日上午，江苏静通市容管理服务有限公司一位工作人员告诉澎湃新闻（www.thepaper.cn）,公司已向海门当地警方报警，“视频断章取义，声音是后期加工上去的，我们工作属于正常管理流动摊贩，当时我们对他暂时扣留物品，视频网站是为了博取流量，现在（我们）正在处理”。12月6日晚，一则关于“南通市容管理人员当街抢夺卖甘蔗老人的甘蔗”视频在网上流传。网传视频显示，多名身穿带有“静通市容”字样服装的人员围住一名推着单车的男子，并拿走车筐里的甘蔗，男子发出哭喊声。市容管理人员抢夺老人甘蔗不顾老人哭喊？原标题：南通涉事市容公司称“强夺老人甘蔗”视频断章取义：已报警",['106万']
title,content,reading
文旅部通报“蔡某某演唱会违规演出”爆了，涉事公司被罚7万,责任编辑：资料来源：文旅之声、北京市文化和旅游局官网、微博评论采写：南都记者冯奕然文化和旅游部文化市场综合执法监督局有关负责人介绍，下一步将继续指导各地文化市场综合执法队伍推进文娱领域综合治理有关工作，加强演出市场执法监管，持续做好违规演出内容营业性演出活动查处工作，切实维护风清气正的社会文化环境。艺人蔡某某的代理公司上海某某文化发展有限公司未取得《营业性演出许可证》，不具备演员经纪机构合法资质，利用其独占性艺人资源，在该艺人巡回演唱会北京站演出活动中，实际负责演出内容、演出票务、收入结算等营业性演出经营活动，并存在侵害公众正常购票观演权益的风险。对其未经许可擅自从事营业性演出经营活动的行为，北京市文化和旅游局于今年11月依法作出罚款的行政处罚。天津某文化艺术发展有限公司未取得《营业性演出许可证》，在天津市某酒吧举办名为“绑定派对”的演出活动，表演伴随着DJ音乐对女性实施捆绑、滴蜡、抽打等性虐待行为的内容，显著危害社会公德。对其未经许可擅自从事营业性演出经营活动且营业性演出有《营业性演出管理条例》禁止内容的行为，天津市文化和旅游局于今年8月依法作出罚款的行政处罚。安徽省淮北市相山区某音乐餐厅在未取得当地文化和旅游行政部门批准文书的情况下，擅自在其场所内举办“八一建军节大型主题派对”活动，以建军节为噱头吸引观众，且现场演出节目中包含低俗违规内容，造成恶劣社会影响。对其未经批准举办营业性演出的行为，安徽省淮北市文化旅游体育局于今年8月依法给予其罚款和吊销《营业性演出许可证》的行政处罚。山西晋城某酒吧并非演出场所经营单位，未取得《营业性演出许可证》，也未委托有资质的演出经纪机构举办演出，却擅自举办演出活动，还曾邀请网红郭某某参加，后因郭某某被公安机关逮捕未能成功。对其未经许可擅自从事营业性演出经营活动的行为，山西省晋城市文化和旅游局于今年4月依法作出没收演出器材和罚款的行政处罚。陕西西安某酒吧并非演出场所经营单位，未取得《营业性演出许可证》，也未委托有资质的演出经纪机构举办演出，却擅自举办艺人王某（艺名“PGxxx”）参加的演出活动，引起不良社会反响。对其未经许可擅自从事营业性演出经营活动的行为，陕西省西安市文化和旅游局于今年3月依法作出罚款的行政处罚。此外，文化和旅游部还通报了今年部分演出市场典型指导案例，具体情况如下：文化和旅游部具体指导有关地区及时处置多起利用庆祝中国共产党成立100周年牟利的演出活动，严格规范相关商业营销宣传行为，为庆祝活动营造良好的社会氛围和文化市场环境。对北京市某魔术城以“庆祝建党100周年演出活动”为名出售演出门票，北京市某戏剧酒吧在“七一”期间筹办赵某某联合编剧、导演和主演的红色经典题材话剧演出牟利，江苏某某文化体育发展有限公司在江苏扬州筹办“西某酒庆祝建党100周年文艺演出”等事件，均已部署当地执法队伍加强对经营单位的教育指导，落实整改措施。据统计，自2021年5月1日至10月31日期间，各地文化市场综合执法队伍针对演出市场出动执法人员5.3万余人次，检查经营单位1.8万余家次，责令改正66家次，办结案件153件。据“文旅之声”消息，近一段时间以来，文娱领域频繁出现艺人违法失德、“饭圈”乱象等问题，败坏行业形象，损害社会风气，对演出市场造成较大冲击，文化和旅游部部署各地文化市场综合执法队伍加强对艺人经纪公司、演出经纪机构和营业性演出活动的执法检查，密切关注违背社会主义核心价值观、危害社会公德或者民族优秀文化传统、违反公序良俗、畸形审美等不良演出行为，严查违法违规营业性演出活动。北京文旅局的结果公示。南都记者查询北京文旅局的官网获悉，7月15日，北京文旅局公布了结果公示，批准永稻星（北京）文化娱乐有限公司申请举办蔡徐坤「迷」2021巡回演唱会（北京站）。蔡徐坤演唱会的举办单位为永稻星（北京）文化娱乐有限公司。公开资料显示，蔡徐坤北京演唱会于2021年7月17日在北京凯迪拉克中心举行。演唱会的主办单位包括永稻星（北京）文化娱乐有限公司和上海圣臻文化发展有限公司。11月4日，北京市文化和旅游局对上海圣臻文化发展有限公司作出行政处罚。北京市文化和旅游局官网近期的行政处罚通报。南都记者查询北京市文化和旅游局官网的行政处罚通报发现，符合“今年11月”、且处罚对象为“上海某某文化发展有限公司”的中只有一条，那就是北京市文化和旅游局今年11月4日对上海圣臻文化发展有限公司做出的罚款处罚，处罚事由为擅自从事营业性演出经营活动，处罚结果为罚款人民币7万元。对于涉事公司未经许可擅自从事营业性演出经营活动的行为，文旅部指出，北京市文化和旅游局于今年11月依法作出罚款的行政处罚。网友纷纷猜测称案例中的“蔡某某”是艺人蔡徐坤，也有不少网友指出，通报说的是针对蔡某某的代理公司未经许可擅自从事营业性演出经营活动而被处罚，与蔡某某无关。12月7日，#蔡某某演唱会违规演出#冲上微博热搜，话题热度达到了“爆”。该话题内容主要是，文旅部近日通报了今年演出市场典型指导案例，其中包括艺人蔡某某的代理公司上海某某文化发展有限公司未取得《营业性演出许可证》，在该艺人巡回演唱会北京站演出活动中，实际负责演出内容、演出票务、收入结算等营业性演出经营活动，并存在侵害公众正常购票观演权益的风险。原标题：文旅部通报“蔡某某演唱会违规演出”爆了，涉事公司被罚7万,['1.2万']
title,content,reading
,责任编辑：说到底，文明从来都靠倡导而非强制，学校靠通报、处分换不来学生的尊重。一些高校在提升学生的文明素养前，还是先以身作则，压抑住蠢蠢欲动的官僚主义冲动吧。大学之大，在于用现代文明培养具备洞察力、批判力、知识分子品格的大学生。在这个前提下，“文明素养教育”对于大学生而言，是一种心之所向、素履以往的追求，是一种耳濡目染、主动靠近的氛围，而非“给领导问好、按电梯”的生硬、教条。“大学生未向领导问好被通报不文明”，被舆论解读为教科书式的官僚主义。而要祛除官僚主义流毒对大学校园的侵蚀，找回象牙塔该有的纯净，需要高校从上到下改变官本位的思想，让大学精神回归本位。这则翻车的通报对准的虽然是高校管理的疏失，但是与学生干部耍官威事件相互映照，折射出来都是被官僚主义侵蚀后畸形的校园生态。某种程度来说，从这则翻车的通报上，我们能找到学生干部乐于耍官威的答案——身处一个高度官僚化、世俗化的环境，大学生们自然容易上行下效、有样学样。这也说明，根治官僚主义，根子就在高校本身。官僚主义流毒大学校园，舆论并不陌生。此前，“霸气学姐查寝室”“杨主席是你们直接@的？”“学生写错学生会干部名字被罚写50遍”“中山大学任命‘正副部长级’学生干部”，这些让人震惊的学生干部耍官威事件虽然发生在不同高校，但是背后折射出的大学精神丧失，高校学生会行政化、官僚化现象一直被舆论所诟病。一个学校也好，整个社会也好，文明素养的提升，靠的是润物细无声的教育和历久弥新的教化，而非运动式、一阵风的治理。把“文明素养教育”简单粗暴地异化为给老师领导“问好、按电梯”，提升不了学生的文明素养，更像是在培养一味顺从的学生，在他们身上满足自己权力的欲望，也是对学生人格的贬损。大学领导不能把自己当成高高在上的“土皇帝”，在自己的一亩三分地为所欲为。学生的文明素养难道要体现在服务老师、阿谀领导上？对于“文明素养教育”理解得如此粗鄙，不知道这所高校到底想要培养出什么样的人才？尊重是相互的，没有向领导、老师打招呼就要被批评，那是不是也得问一下，领导没有向学生打招呼，是不是也得通报批评？从一些在网络上流传、未经官方证实的截图来看，这所学校的某学院还面向入党积极分子设置了文明素养劝导岗，主要职责是提醒乘坐电梯的同学向老师问好、给老师们按电梯；甚至还会下发校领导的照片，要求“每个人都要熟记认识”……都2021年了，很难想象这样的操作，会在一所现代化高校里真实上演。高校为了提升学生素质，开展文明素养教育，原本也无可厚非；尊重老师，待人接物有礼貌，也是社会所推崇的个人素养，但是高校用行政手段来强制学生执行，就走了形、变了味儿。因为学生没和领导、老师打招呼就被通报批评，湖南这所大学所谓的“文明素养教育”的内核更像是被官僚主义、形式主义层层包裹的驯化教育。“对学校领导、对老师不懂礼仪，有的低头，有的继续打电话”，近日，湖南某大学多名学生因未向校领导、老师问好被学校相关部门以“不文明行为”的名义向全校进行通报批评。此外，一些“未请假未归寝”的学生也在通报批评之列。通报显示，“望各部门对学生严肃批评教育”“下大力气及时整改”。对此，学校回应称，对通报文件的真实性不便回应，该事件系文明素养教育过程中出现理解误差，目前正处理此事。文|和光原标题：学生未向领导问好被通报批评，到底谁不文明？,['12万']
title,content,reading
合肥从18楼顶扔下幼童的嫌犯系低保户，保障原因为“精残”,责任编辑：梁树基坦言，如何让关心抵达人心，这是所有开展精神病患者看护帮扶工作最应该思考的问题。比如，通过引导精神病患者就业，使他们在工作中获得成就感、满足感和个人价值。“有时，这比吃药更有用，吃药有副作用，在有成就和满足感后，他会告诉自己要积极克服不良情绪，学会对自己负责。”他说。“在管控的同时，也要考虑人文关怀。”梁树基称，大多数精神病患者不希望暴露自己的病史和隐私，更不希望在接受看护和帮助时，感受到“自己是危险的、需要监管的”。梁树基所在的专门提供社区精神健康服务机构，通过政府购买服务的形式正在向社区提供精神健康服务，目前该机构已运行23年。黄雪涛介绍，这10多年来，随着社会对精神疾病的重视，政府在不断投入人力物力财力，防止他们造成公共安全事件。但是，做精神病患者看护帮扶工作，要先从根本上转变观念，从防范变成友善的服务，切身聆听精神病患的压抑、焦虑等负面情绪，满足他们基本的权益，避免他们身陷求助无门、走投无路的绝境，这是避免恶性事件发生非常关键的一点。2013年5月，精神卫生法开始实施，明确了对精神病患者实行精神卫生工作由政府组织领导、部门各负其责、家庭和单位尽力尽责、全社会共同参与的综合管理机制。而长期关注精神病患者权益保护的公益律师黄雪涛表示，多年前，对精神病患者的看护，主要依靠监护人。但在更多的案例中，在家庭缺乏外界支持的情况下，监护人很难照顾成年精神病患者，也难以保证发病的精神病患者不肇事。为精神病患者服务23年的社工梁树基12月5日接受澎湃新闻记者采访时表示，在对精神病患者的看护和帮扶中，家人的关爱和陪伴非常重要，在多个成功案例中，精神病患者的家人都积极参与其中。梁树基认为，根据目前的信息，在对董某萍的看护中，家人的角色似乎是缺失的。12月6日，澎湃新闻从合肥市公安局及庐阳分局获悉，目前庐阳区分局刑警队正侦办此案，至于嫌疑人的作案动机以及是否申请对其进行精神鉴定等细节，警方未透露，有调查结果将适时发布通报。而上城社区另一名负责人介绍，董某萍独居在上城国际玫瑰苑小区，“（我们和她）在沟通方面，也没有顺畅的沟通”。对于董父的情况，该负责人称，他父亲不居住在这里，社区对其并不了解。目前，社区方面也在等待警方的调查结果。事发小区所属的庐阳区杏林街道上城社区一名工作人员透露，社区对重型精神病患，会摸排、登记建档，和监护人一起管理。自称是董某萍小时候玩伴的妙妙（化名）讲述了另一段经历。她称，董某萍小时候胖乎乎的，大家都挺喜欢和她玩，后来有很长一段时间没有见到她，再见是初中，董告诉她“自己心理出了点问题，治好了才回来上学”。后来便很多年没再见过。直到妙妙结婚时，她才再见到董，但对方已经认不出自己，喜欢自言自语，“在大润发吃东西，有时候会骂人”，没有家人约束。庐阳区政府网站对保障类别有过解释，所谓B类，系短期内收入变化不大的家庭，或家庭成员中有60周岁以上老年人（含60岁）、未成年人和三级以下残疾人（含三级）。而A类的定义是：家庭成员中有重度残疾人以及重病患者并且收入基本无变化的家庭。庐阳区政府网站公布的杏林街道2018年5月城市居民最低生活保障对象花名册中，也有董某萍，当时她的保障类别是B类，保障原因为“精残”，保障金额为753元。记者在上城社区居民委员会办公楼前的公示栏看到，正在公示的7月至12月的低保发放名录中，均有董某萍的名字。她的保障类别为“城保A类”，7月和8月保障金额是892元，自9月起，她的保障金额涨到933元。澎湃新闻注意到，这半年以来，事发小区所属的庐阳区杏林街道上城社区都向董某萍发放了“城保A类”低保。官方公开可查的信息记载，社区曾在2018年5月就向董某萍发放过低保，当时是“B类”。多名居民称，嫌疑人居住在事发楼栋的4层。董某萍从楼顶扔下男童后，李琳回忆起几年前她儿子告诉她的一件事。那天，她儿子回家时遇到董某萍，“我儿子说她就跟在后面，几乎踩着他的脚后跟进电梯。我儿子十几岁了，胆子大，大喝一声‘你干嘛’，才把她吓退了。”“还有一段时间，经常来到店里就问我们‘近亲结婚会怎样，生的孩子会怎样’，天天就问这个问题。”张桦称，董某萍似乎很想和他们聊天。“有一段时间，她经常来店里找我和我老公聊天，说我长得很像她一个同学，非问我要手机号码，我没给她。”张桦妻子称，有一次董某萍向她借用手机，也被她拒绝了。张桦介绍，董某萍的快递收件人不用真名，用“小苹果”代替。她最近的快递记录是9月下旬，在某图书店买了一本“5年高考3年模拟高中数学”书，买了两件衣服，还买了1斤“黄柠檬”。“是她自己买的。”张桦回忆，她经常买一些小东西、小零件，有一次张桦弄丢了她的一个快递，还赔了董某萍几块钱。在张桦的印象中，董某萍每次都是微信付款，她常常来拿快递，报手机号码取。“我们小区就她一个人不太正常。”张桦回忆，在小区里开店的这几年，董某萍来店里买得最多的就是雪糕，不论夏天还是冬天，都会来买，“有时候连着五六天，每天早上我刚开门没多久，她就来了，还都是买四五块钱的那种。”事发没多久，“27栋有孩子从楼顶被扔下来”的消息不胫而走。快递站点的老板张桦听到这个消息后，就预感可能是董某萍所为。更让超市老板和老板娘觉得奇怪的是，董某萍有几次拿着几本书跑来店里，向老板扔下就跑走。老板娘也遇到过类似情况，不过当时她扔下的是几支笔。27栋一楼的超市老板在刚开店时就感觉董某萍和常人不太一样。“我每天开店开到凌晨才关店，她经常接近凌晨的时候，来这里买方便面火腿肠。”这半年以来，事发小区所属的庐阳区杏林街道上城社区都向董某萍发放了“城保A类”低保。有一次，李琳和董某萍同乘电梯上楼，“在电梯里和我讲话，我也听不懂说的啥，她精神不太正常，整天嘀嘀咕咕的。”董某萍经常出门溜达，常去大润发附近。此次15个月大的男童被董某萍带走的蛋糕店，正是在大润发旁边。小区里快递站点的老板张桦和妻子对董某萍印象也比较深。张桦说，董某萍出门经常背着一个布袋包，不下雨也撑着伞，她还常常化妆，“就是化得比较夸张，眼线化得很长，有点吓人，口红涂到嘴唇外，还会打很重的腮红。有时一个辫子扎得要竖起来，有时扎两个，有时满头都是辫子。”多位居民称，董母去世后的这几年，只有董某萍的父亲偶尔会来看她，但并未有人记得她父亲的样貌。李琳曾去过董家几次给儿子裁衣服。闲聊中，她得知董母离异，只有一个女儿，当时正在读大学。那时，李琳没见过董某萍，大约五六年前，董母因病去世，此后便见董某萍一个人独来独往。和董某萍同住在27栋的居民李琳（化名）算是和董某萍交集较多的了。她称，多年前，董母还在世时，和女儿一起住，当时董母在家里开了一个小裁缝店。董母和女儿住的是一居室，加上厨房、卫生间、卧室，面积有40多个平方。董某萍什么时候开始在事发小区居住？一名居民称，很多年前，董某萍父亲曾给母女俩在小区里租了她家的房子，“那时她很会说话，喊我‘姐姐’”。后来，董父给母女俩买了现在住的这套房子。此后，她也就没再和董家联系过。此前，庐阳公安分局通报称，初步查明，11月28日上午，犯罪嫌疑人董某萍在阜阳北路某蛋糕店，趁幼童母亲不备，将其带到案发小区某栋楼顶，随后将其扔下。当日18时许，该幼童经抢救无效死亡。目前，犯罪嫌疑人董某萍已被公安机关依法刑事拘留。12月4日，澎湃新闻记者在事发的庐阳区上城国际玫瑰苑27栋看到，有路人经过时会抬头看向楼顶方向，也有市民驻足拍下照片。那些带着孩子在附近玩耍的小区居民不时议论，互相提醒一定要看好孩子。事发第7天，男童被从楼顶扔下一事在附近的影响仍未淡去。多名居民称，嫌疑人居住在事发楼栋的4层。坠亡男童的家属告诉澎湃新闻，男童父母十分悲痛，家人因担心男童的姐姐过于伤心，还没告诉她此事。事发至今，嫌疑人董某萍的家属还未向男童家属道歉或商量其他事宜，男童家属在等待警方的调查结果。目前，合肥市公安局庐阳分局刑警队正侦办此案，警方未透露嫌疑人的作案动机以及是否申请对其做精神鉴定等细节。此外，董某萍曾在2018年被认定为“精残”，社区向其发放低保。澎湃新闻（www.thepaper.cn）在采访中了解到，董某萍的父母离婚后，父亲再婚，她和母亲一起生活；约五六年前，其母去世，董某萍独居在40多平方米的房子里，只有父亲偶尔来看她。多位居民称，董某萍看上去30岁左右，这几年几乎每天都在小区及周边溜达，没见她做过什么工作。此事事发11月28日上午11点多。近日，合肥市庐阳区一小区内，一名15个月大的男童从18层高的居民楼楼顶坠落。随后警方在事发楼栋带走从楼顶扔下男童的女子董某萍。相关监控视频截图显示，女性嫌疑人身材微胖，带着口罩，男童骑坐在其脖子上。原标题：合肥从18楼顶扔下幼童的嫌犯系低保户，保障原因为“精残”,['129万']
title,content,reading
克里姆林宫：普京拜登将首次使用“受保护视频专线”，谈保密性很高议题,责任编辑：据此前报道，佩斯科夫4日确认，俄总统普京将于7日与美国总统拜登举行视频会晤。同日，美国白宫方面确认了该消息。白宫新闻秘书普萨基在声明中称，双方将讨论包括战略稳定、网络安全和地区问题在内的一系列问题。有报道称，这将是拜登和普京时隔近半年再次对话。今年6月16日，双方在瑞士日内瓦举行了首次面对面会晤。报道称，佩斯科夫在接受俄“第一频道”采访时称：“两国将首次使用受保护的视频专线。此举将使两国总统讨论最重要、保密性很高的议题。早前已经建立专线，但是仅仅进行过工作测试，国家领导人还没有使用过。”【环球网报道】俄罗斯卫星网7日消息，俄罗斯总统新闻秘书佩斯科夫表示，普京和美国总统拜登将首次使用“受保护视频专线”进行会谈。原标题：克里姆林宫：普京拜登将首次使用“受保护视频专线”，谈保密性很高议题,['100万']
title,content,reading
韩国将日本定为“最亲近邻国”？日本不这么认为……,责任编辑：此外，韩日外交官员还针对就被强征劳工和慰安妇问题进行讨论，双方依然争执不下。日方指出，日韩关系继续“处于非常严峻的状况下”，强烈要求韩方“妥善应对”。而韩方则寸步不让，还再次转达了韩方对福岛核污水排海问题的担忧。资料图：韩国在日韩争议岛屿周边海域举行联合防御军演。实际上，韩日双方针对历史问题一直争论不休。近期，韩警察厅长登争议岛屿惹怒日本，双方立场出现分歧，还扰乱了一场原计划在华盛顿举行的美日韩副外长联合新闻发布会，日韩斗气双双缺席，留下美方独自面对媒体。其中，“要求韩方采取合理措施”的意思是，日方主张韩日有关被强征劳工和慰安妇的矛盾，已通过1965年的《韩日请求权协定》和2015年的《韩日慰安妇协议》得到解决，因此，韩国法院否定上述协议做出的裁决，有违国际法，并要求韩国政府重新拿出对策。韩联社对此分析称，岸田文雄的发言可以理解为，日方对于被强征劳工和慰安妇受害者一事，不会妥协。同日，日本首相岸田文雄发表施政演说，在外交方面表示，韩国是“重要的邻国”，日本将基于一贯立场，强烈要求韩方采取合理措施。《韩国日报》分析称，虽然韩日关系因历史问题面临严峻考验，但这也表现出韩国决不放弃改善关系的意愿。白皮书介绍，韩国政府采取双轨基调，分别对待历史问题和与日本在实质性领域推进面向未来的合作，努力稳控并发展韩日关系。资料图：韩国首尔某大型超市海产品售卖区挂出“抵制日货”等标语。中新社记者曾鼐摄据韩媒报道，6日，韩国外交部发布了《2021外交白皮书》，白皮书中解释了韩日关系，并称日本为“最亲近邻国”。资料图：在德的韩国和日本民间团体在柏林勃兰登堡门前举行集会，再次敦促日本政府正式向“慰安妇”制度暴行受害者道歉，并作出赔偿。中新社记者彭大伟摄韩国《2021外交白皮书》中，把日本称为“最亲近的邻国”，韩媒称这显示出改善两国关系的意愿。而岸田文雄发表的施政演说中，只把韩国称为“重要的邻国”，并在历史问题上展示出不妥协的强硬态度，并要求韩国拿出合理措施应对。中新网12月7日电综合报道，6日，韩国外交部发布《2021外交白皮书》，回顾了2020年的外交政策基调和成果，同日，日本首相岸田文雄发表施政演说，同样对韩日关系进行了表述，不过，两国对彼此的定位却显示出差异。原标题：韩国将日本定为“最亲近邻国”？日本不这么认为……,['107万']
title,content,reading
台湾大学教授分享大陆见闻称“变得非常爱国”！赞祖国疫苗好,责任编辑：采写：南都记者杨苓妍”。体验，同时他期待能“坐着动车回同胞一个个刷手机进站，“就我一个人停在旁边，很落后的感觉，拿着票，又拿着台胞证”。苑举正表示，希望岛内居民能直接去明显进步，台湾明显不进步。一个动态，一个静态”。他举例称，在福建搭高铁，眼见苑举正还表示，“的见闻和感受。他表示，此次在甘肃、新疆等地旅游，看到那里的高速公路建设，这一趟走下来“我觉得太伟大了”，“我变得非常爱国”。回到台湾后，苑举正还向媒体分享了他在这样众志成城，团结一心，才能稳住疫情；疫情稳住了，经济就稳住了；经济稳住了，一切就都能够稳住。”看到的情况，好好在课堂上给学生们介绍一下。像之所以成功控制疫情，是因为一直在用科学的态度应对处置。苑举正向南都记者表示，“一定要把这次来疫苗非常好。此前，苑举正在接受南都、N视频记者专访时就曾表示，坚持“动态清零”的防疫政策是对的。株在全球流行，他再次肯定祖国克各地日常防疫的见闻。近期好啊！”他介绍了自己在上海的入境隔离体验，以及在，大赞“祖国的研制的新冠近日，苑举正返台后接受台湾媒体采访时表示，他此前接种了之所以成功控制疫情，是因为一直在用科学的态度应对处置。疫苗非常好，见闻时称，走访大西北让他“变得非常爱国”。此前，苑举正在接受南都、N视频记者专访就曾表示，好”，并在分享到，苑举正在近期返台接受媒体采访时不仅再次大赞“祖国的待了99天。12月7日，南都记者，总共在探亲、旅游并接种今年6月，台湾大学教授苑举正赴原标题：台湾大学教授分享大陆见闻称“变得非常爱国”！赞祖国疫苗好,['6.9万']
title,content,reading
卡扎菲之子重获总统候选人身份，被曝曾密会埃及总统换取支持,责任编辑：分析称，无论是赛义夫还是哈夫塔尔获胜，俄罗斯都将是“最大赢家”。受俄罗斯支持的哈夫塔尔若当选总统，将进一步巩固俄罗斯在叙利亚之外的影响力，而卡扎菲之子若“子承父业”，则是对“阿拉伯之春”的彻底否定——这正是俄罗斯一直以来批评北约和西方国家的观点。《新阿拉伯人》援引埃及消息人士的话称，美国希望利比亚选举顺利进行，但条件是赛义夫和哈夫塔尔均不参选。该消息人士分析认为，“倘若两人之中的任何一方获胜，华盛顿的反应都无法预测。”但他也同时指出，美国对赛义夫的抗拒要比哈夫塔尔大得多。国际危机组织（ICG）的利比亚问题分析员克劳迪娅·加齐尼则认为，尽管选举不太可能进行，但国际社会继续坚持利比亚12月24日必须举行选举，“假使举行选举，结果将难以预料。”“没人会幻想利比亚每个投票站的安全都会得到保障。”在联合国机构工作的利比亚专家贾拉里·哈尔查韦对法新社表示，“无论如何，选举当中都会发生欺诈、抵制、封锁、恐吓或冲突。最乐观的情况是，这些违规行为不是大规模的。”自2020年10月东西部两大阵营停火以来，利比亚进入了一年的相对平静期，但这种平静依然难掩各方深刻的政治分歧。外界认为，民族团结政府主导的选举进程十分脆弱，很容易再次让敌对派系间的暴力卷土重来。11月29日，联合国发表声明称，对利比亚南部的局势表示关切。联合国还警告称，可能会对干预大选的利比亚政党实施制裁。联合国驻利比亚特派团表示，塞卜哈出现了越来越多对司法人员的恐吓和威胁事件，这些事件“直接阻碍了选举进程”。虽然利比亚民族团结政府表示对塞卜哈的动态“非常关注”，但远在西部的黎波里的民族团结政府几乎无力进行干预。在赛义夫宣布参选的城市塞卜哈，近几周来当地一直氛围紧张。法新社报道称，在赛义夫向塞卜哈法院提起上诉后，哈夫塔尔派遣武装人员封锁了通往该市的道路，并企图封锁法院阻止上诉继续进行，而与此同时，赛义德的支持者则在法院门前集会。除了赛义夫之外，利比亚民族团结政府总理德贝巴也向的黎波里法院提起了上诉，并得到了支持。由于德贝巴未按规定在大选前三个月辞职，并且此前已向联合国承诺不参选，他的竞争对手及一些利比亚民众向法院提起诉讼，但被驳回。赛义德、哈夫塔尔与德贝巴被认为是几十名候选人当中最受关注也最受争议的三个人物。“埃及干涉了其他利益相关者，让赛义夫重新获得总统竞选资格。卡扎夫·达姆在这一过程中至关重要，他甚至威胁，‘若赛义夫被取消选举资格，他将诉诸暴力。’”《新阿拉伯人》援引消息人士称，赛义夫向埃及许诺，将让其在“利比亚重建项目和石油出口中分一杯羹”。报道还透露，利比亚前驻埃及特使艾哈迈德·卡扎夫·达姆（AhmedGaddafal-Dam）在促成赛义夫与塞西的会面中起到了关键作用。卡扎夫·达姆为卡扎菲的表亲，曾是卡扎菲核心圈子的成员之一，在2011年利比亚战争爆发后不久逃往埃及。据《华盛顿邮报》此前报道，卡扎夫·达姆与塞西同为埃及军事学院校友，两人关系密切。埃及希望通过建立缓冲区来确保与自身接壤的利比亚东部的安全，因而率先支持了哈夫塔尔。然而，2019年“国民军”对的黎波里发动了长达一年的围攻，这在埃及看来是灾难性的。埃及媒体“埃及视野”（MadaMasr）报道称，“埃及对哈夫塔尔感到不安，因为双方缺乏政治和安全合作的承诺。”这也反映出了埃及与阿联酋战略上的差异。尽管因麾下武装人员涉嫌杀害平民而备受争议，但哈夫塔尔一直获得了埃及的支持。然而，近一段时间双方关系却陷入了僵局，这也是埃及暗中支持卡扎菲之子的原因。《新阿拉伯人》报道指出，埃及对哈夫塔尔事先未与埃方协商的情况下就试图就某些问题与阿联酋达成一致而感到不安，“自那以后，哈夫塔尔就未与埃及方面接触。”总部位于英国伦敦的卡塔尔媒体《新阿拉伯人》（Al-ArabyAl-Jadeed）阿文版12月2日报道称，赛义夫在宣布参选之前，于11月14日秘密访问埃及并会见了埃及总统塞西及情报部门主管阿巴斯·凯迈勒。消息人士称，此次访问背后透露出了埃及在12月24日利比亚大选中的立场，而这次会晤也对赛义夫被剥夺候选人资格后又重获资格一事起到了关键作用。此次作出恢复赛义夫候选人资格裁定的法院在塞卜哈，该市位于利比亚西南部，处于哈夫塔尔领导的“国民军”控制之下。就在赛义夫宣布参选后不久，哈夫塔尔也宣布入局竞争。然而，此次塞卜哈法院却做出了对哈夫塔尔不利的判决，背后原因外界难测。有迹象表明，赛义夫背后“另有靠山”。根据法新社的数据，截至11月10日，民族团结政府（GNU）控制着利比亚包括首都的黎波里在内的西北部及中部小部分地区，军事强人哈夫塔尔领导的“国民军”（LNA）则控制着东北部及中部的部分地区，同时对中部及南部的大部分地区具有影响力。利比亚全国高级选举委员会作出的决定近乎“朝令夕改”，这反映出该国西部的黎波里民族团结政府（过渡政府）孱弱而难以掌控局面的现实。利比亚总统选举计划于12月24日举行。外界认为，此次选举意义重大，若能顺利举行，将会是利比亚自1951年从意大利独立以来首次总统选举，也将会是终结“阿拉伯之春”后十年动荡的一次契机。然而，由于该国目前局势错综难判，各派系依然割据分裂，故选举可否带来各方期盼的和平仍是未知。赛义夫11月14日在塞卜哈注册参选，但在11月25日，他成了利比亚全国高级选举委员会否决资格的25名候选人之一。选举委员会称，利比亚选举法有条款规定候选人必须无犯罪记录，但赛义夫曾因涉嫌战争罪被国际刑事法院通缉。塞卜哈法院12月2日接受了赛义夫的上诉并判决高级选举委员会的决定无效，此后选举委员会再次提出上诉，但最终遭驳回。赛义夫辩护团队顾问欧麦尔·舒瓦迪向半岛电视台证实，赛义夫的候选人身份已被恢复。卡扎菲之子赛义夫人民视觉资料图12月5日，就在利比亚全国高级选举委员会宣布否决该国已故前总统卡扎菲之子赛义夫·伊斯兰·卡扎菲的总统候选人资格10天后，利比亚南部塞卜哈市上诉法院裁定，赛义夫为合格候选人。利比亚总统选举前迷雾重重。原标题：卡扎菲之子重获总统候选人身份，被曝曾密会埃及总统换取支持,['140万']
title,content,reading
天降老鼠砸到食客，店员淡定扫走，“网红”火锅品牌道歉：监管已经检查过,责任编辑：原标题：天降老鼠砸到食客，店员淡定扫走，“网红”火锅品牌道歉：监管已经检查过,['5924']
title,content,reading
4885份出生证明被盗多年未破案？商丘警方：进一步加大案件侦破力度,责任编辑：另据上游新闻报道，2011年，上官正义发现，福建一些没有生育孩子的家庭，家中多了一个孩子。孩子均已上户口，且出生地都标注的是河南。他们对外宣称，孩子是经过朋友介绍抱养的。上官正义称，他通过卧底调查得知，孩子的出生证购买于黑中介。黑中介卖出的出生证符合孩子的年龄大小，可以根据孩子年龄的大小调整，价格在每张6万元至10万元。上官正义称，他和媒体记者通过黑中介，搜集到了大量未出售的出生证，出生证上的公章涉及河南多家医院，其中大部分来自河南省商丘市妇幼保健院。此前，2021年12月2日，打拐志愿者“上官正义”在其个人微博上发文表示，2011年初商丘市妇幼保健院出生证被盗2885份，时隔一年又发现2000份不见了，被盗共计4885份。“商丘公安微发布”微信公众号12月7日消息，商丘市公安局梁园分局通报，近日，有网络媒体关注“商丘市妇幼保健院被盗4885份出生证明”一案。对此，商丘市公安机关高度重视，将在前期侦查调查的基础上，进一步加大案件侦破力度，结果及时向社会公布。感谢媒体和网民的监督支持。原标题：4885份出生证明被盗多年未破案？商丘警方：进一步加大案件侦破力度,['1149']
title,content,reading
女子孕期徒手接住坠楼男童，现为患病女儿筹款！丈夫称已筹齐,责任编辑：采写：南都记者马铭隆事件引发关注后，众多热心网友伸出援手，谭女士一家很快筹齐了10万元医疗费。12月7日中午，谭女士的丈夫姜先生短信回复南都记者称，今天冰冰手术，手术费已经筹齐，很感谢大家的关注。“后面我们只想把小孩医好，过多的关注就不要了，以免小孩和老婆压力过大。最后还是感谢全国的好心人，好人一生平安，我们也会将爱心传递下去。”12月2日，冰冰做了分流手术，将脑积水引流出来，12月7日还需要做颅内肿瘤切除手术。“医生说，要把肿瘤切除了，手术费加起来一共十几万。后期还要放疗化疗，也还有比较大一笔费用。”因经济上有困难，谭女士在朋友圈发出了为冰冰治病筹款的链接。日前，谭女士在接受媒体采访时称，去年她发现两岁的女儿冰冰走路东倒西歪，但去医院拍片显示孩子骨骼没有问题，前两个月冰冰走路又突然发软，12月初再次到医院检查才查出冰冰脑部有肿瘤，有严重的脑积水。当时冲在最前面徒手接孩子的几人中，就有已经怀孕近4个月的谭女士，而3年后，当时在腹中怀着的女儿，却不幸检查出脑部有肿瘤，约有鸡蛋大小。据监控画面显示，当时楼下围上来近10人，大部分穿着快递公司制服，抬头看着上方，并伸出双臂。冲在最前面的四人一边向上看不断调整位置，同时撑起床单准备救援。紧接着，男童从平台上掉下，先砸到1楼和2楼之间的遮阳布后继续下落，最终被楼下救援的人员徒手接住。后经医院检查，男孩右腿骨折，没有生命危险。2018年，杭州清泰南苑一男童从6楼的家中掉下，此时楼下快递站点的工作人员听到上面传来孩子哭声，抬头发现孩子正趴在4楼的外围平台上，随时有可能掉下来。近日，浙江杭州的谭女士为3岁女儿治病筹款一事引发关注。南都记者了解到，3年前谭女士曾挺着孕肚徒手去接坠楼男童，当时腹中的胎儿正是如今不幸患病的女儿冰冰。12月7日，谭女士的丈夫姜先生短信回复南都记者称，今天冰冰手术，手术费已经筹齐，“感谢全国的好心人，好人一生平安，我们也会将爱心传递下去。”原标题：女子孕期徒手接住坠楼男童，现为患病女儿筹款！丈夫称已筹齐,['23万']
title,content,reading
广东女童上学途中被扔下河道，警方：涉事男子为三级智力残疾人员,责任编辑：校对李立军据遂溪县人民政府官网12月7日发布的情况通报，12月6日14时，遂溪县公安局城东派出所接110警情：在遂城镇河滨路附近有一名女童被一男子推下河滩中。接警后，城东派出所值班民警立即赴现场处置，民警借助消防救援工具及时下河开展救援，将该女童送往医院检查治疗。经检查，该女童身体无大碍，已在其家长陪护下出院回家。通过走访调查，民警在现场附近迅速控制涉事男子谭某某（三级智力残疾人员）。目前，有关情况正在进一步处理中。12月7日，遂溪县公安局城东派出所工作人员告诉新京报记者，昨日将小女孩扔下河道的涉事男子为三级智力残疾人员，目前已将其送往当地精神病医院。受伤的小女孩在送往医院检查后，身体无大碍，当天已被家人接回家。视频显示，一名身穿黑衣的女孩独自站在河边，一旁堆满垃圾。岸上的群众报警后，警察、消防人员和医护人员陆续赶到现场。随后，消防人员通过搭建的梯子将小女孩救上岸，救护车将其送至医院。涉事男子被警方控制，押送上警车离开。目击者李先生介绍，12月6日14时许，他路过河滨路时，发现一名男子无故将一名女童扔进西溪河中，他立即拨打电话报警。“那名男子把小女孩扔下去后就走了，摔下去的高度大概有5米。小女孩的脸都摔肿了，很多地方都受伤了。”新京报讯（记者吴采倩王金淼实习生汤赛坤）12月6日，广东省湛江市遂溪县一名女童在上学途中，被一名男子扔进河滨路西溪河中，事发河道高5米。遂溪县公安局城东派出所工作人员表示，涉事男子为三级智力残疾人员，已被送往当地精神病院。“那名男子把小女孩扔下去后就走了，摔下去的高度大概有5米。小女孩的脸都摔肿了，很多地方都受伤了。”目击者李先生说。原标题：广东女童上学途中被扔下河道，警方：涉事男子为三级智力残疾人员,['1.9万']
title,content,reading
“延毕”研究生猝死自习室：家属称其早前心脏不适曾请假被拒,责任编辑：12月6日下午，澎湃新闻致电辽宁工程技术大学校长办公室，工作人员表示已关注到此事，目前正在解决，具体情况可向有关院系或学校宣传部了解。同日，澎湃新闻多次电话和短信联系辽宁工技大宣传部和该校土木学院党委副书记，均未获得回应。谢鹏家属认为，董某文要求谢鹏承担了他本不应承担的工作，导致其过度劳累，才致猝死。谢鹏亲属向澎湃新闻表示，出事后，校方曾四次和家属交涉，但都不承认校方存在过错。目前，家属已委托律师，准备采取诉讼的方式向学校和导师讨一个说法。事发的前三天，同学李某曾与谢鹏联系，谢鹏告诉他自己正在给师弟做实验数据分析，并称，“我也不想，老董逼着我干。开组会说了，不写SCI不给签字，不帮忙不给签字。”谢鹏父母还在谢鹏的电脑桌面找到了一个创建于其去世当天凌晨2点32分的文件夹，其中保存着他生前下载的最后一批SCI期刊文献。另据红星新闻报道，谢鹏曾经常在校和同学小梅一同吃饭。小梅称，谢鹏发病前的一两个月情绪都十分低落，“谢鹏常提到董老师给他派很多活，大事小事都找他。”谢鹏还在与另一名同学的聊天中透露，自己不敢找工作，担心导师不会签字同意，想等毕业了再说。谢鹏出事后，在家属和校方的四次对话中，董某文曾两度露面。谢鹏亲属称，董某文曾解释谢鹏延迟毕业的原因是论文没有达到要求。12月6日下午，澎湃新闻多次拨打董某文手机核实这一信息，均未获得答复。澎湃新闻注意到，攻读硕士期间，谢鹏已参与撰写了2篇论文，并参与一项发明专利。根据《辽宁工程技术大学研究生申请学位学术成果规定（修订）》规定，受理一篇发明专利即满足申请全日制硕士研究生学位要求，即可着手硕士毕业论文撰写，准备最终毕业答辩。谢鹏的亲属认为，他早已符合准备毕业的条件。谢鹏叔叔告诉澎湃新闻，其实早在今年春节前后，谢鹏就已经知道自己要延迟毕业了。在他和多名同学的微信聊天中，谢鹏多次提到导师想让他“再干半年”，帮忙做课题。即便如此，谢鹏依然被延毕了。谢鹏和导师的对话，董某文安排其购买月饼。对于家属通过谢鹏生前与其导师董某文，以及同学之间的聊天记录所控诉的相关细节，澎湃新闻曾多次联系董某文均未获得回应。家属向澎湃新闻出具的聊天记录显示，谢鹏和董某文经常在晚间沟通工作，董某文也将课题组中诸多事宜交给谢鹏处理，例如：资料查找、撰写课题材料及制作PPT、帮助课题组其他成员做实验、出差等。对于导师安排的任务，谢鹏几乎没有拒绝过。家属还发现，谢鹏在完成导师布置的工作之余，还要帮助董某文完成打扫办公室、烧水、为其拿衣服、购买中秋节月饼等生活琐事。谢鹏今年5月的病例，显示他存在心率失常。得知谢鹏猝死的噩耗之后，他的家人从老家前往阜新料理后事。在翻看谢鹏生前使用的电脑和手机之后，亲属发现，原来早在今年5月，谢鹏就因身体不适前往医院就诊，当时所做的心电图报告显示，谢鹏存在心律失常。谢鹏在和同学聊天时曾说起他以心脏不适为由向董某文请假，申请回老家完成毕业论文，但未获得允许。11月23日上午10时，谢鹏被同学发现倒在学校四楼的自习室内，送医后不治身亡。阜新市中心医院出具的死亡诊断证明书显示，谢鹏的死亡时间为当日上午10时，原因系心源性猝死。在家属的印象中，读研后的谢鹏总是格外忙碌，但为了支持唯一的儿子，父母也未多加过问。谁也没有料到，在接近毕业的时候，谢鹏却永远地离开了。公开资料显示，董某文系工学博士，为辽宁工技大研究生导师，长期从事地基基础理论和试验技术研究。他所主持的国家自然科学基金、辽宁省自然科学基金等科研项目共有17项。生于1987年的谢鹏是山东滨州人，11年前，他从湖北工业大学工程技术学院本科毕业，曾先后在两家公司当过助理工程师。后来他通过研究生入学考试，被辽宁工程技术大学土木工程学院录取，研究方向为岩土工程，指导老师为该校教授董某文，于2018年9月入学，学制为3年。12月6日下午，澎湃新闻致电辽宁工程技术大学校长办公室，工作人员表示已关注到此事，目前正在解决，具体情况可向有关院系或学校宣传部了解。同日，澎湃新闻多次电话和短信联系辽宁工程技术大学宣传部、土木学院党委副书记以及涉事导师，均未获得回应。谢鹏家属认为，谢鹏的猝死是由于连续工作导致过度劳累，与导师安排的任务过多有关，“出事后，校方与我们进行了四轮对话，但一直否认他们有责任。”谢鹏的电脑桌面，发病前夜熬夜工作至凌晨两点半。谢鹏的叔叔告诉澎湃新闻（www.thepaper.cn），早在春节前后，本应在今年夏天毕业的谢鹏就被告知将延期毕业，原因是论文不达标，但在谢鹏和多名同学的微信聊天中却透露，他因忙于导师额外安排的工作而无暇顾及毕业论文。谢鹏叔叔称，今年5月，侄子曾因心脏不适前往医院就诊，检查报告显示心律失常，谢鹏曾以此为由向导师请假，对方并未允准。在谢鹏生前的最后一个晚上，他还熬夜工作至凌晨两点半。得知噩耗的亲属从山东滨州前往辽宁阜新为谢鹏处理后事。在翻看过儿子的手机后，谢鹏父母发现，在儿子读研期间，导师董某文曾将多项与毕业无关的课题工作交由其承担。此外，谢鹏还需帮导师完成打扫办公室、烧水、派发节日福利等生活琐事。谢鹏的死亡证明显示其为心源性猝死本文图片均为受访者提供11月23日10时许，34岁的辽宁工程技术大学研三学生谢鹏倒在了学校的自习室内，被送往医院后不久宣告不治。阜新市中心医院出具的死亡诊断证明书显示，其死亡原因系心源性猝死。原标题：“延毕”研究生猝死自习室：家属称其早前心脏不适曾请假被拒,['1万']
title,content,reading
,责任编辑：因此，若认为赞扬符建涛与踩踏孙卓的选择，就是指出打拐斗争的“漏洞”，恐怕有点自以为义了。警方对拐卖儿童犯罪始终保持高压态势，这种司法自觉无需“拉一踩一”的舆论做派来强化。拐卖儿童将情与法推到极致，司法有司法的成熟运作，若当事人有人伦情分的考虑，也应该被外界理智对待。公安部门借孙海洋夫妇认亲一事透露，全国拐卖儿童犯罪已经降到每年20起以下，相较于人口规模来说，这样的发案率已经是极低了。这是一个值得高兴的数据，也可以在一定程度上减缓网民要求惩治养父母的执念。买卖同罪原则于2015年执行，无论是打击犯罪，还是就实际成效看，网民的担忧都有被考虑到。外界可以不认同孙卓的选择，也可以继续批判拐卖儿童犯罪中所谓养父母的罪责，但对于具体案例，只能尊重当事人的意愿，当事人没有义务听从外人的指点，比如站在舆论一边，讨伐养父母的罪。同理，符建涛那样的选择也可以理解，只是非要用他的选择来否定孙卓的选择，一是太霸道，二个也忽视了拐卖犯罪中复杂的伦理情境。孙卓的养父母之前被逮捕，现在处于取保候审的状态。从司法实践来说，孙卓的态度肯定影响到对所谓养父母的司法惩治力度，从轻发落应该是可预测的结果之一。老实讲，不管是孙卓选择两对父母，还是所谓养父母会因此得益，都是人之常情，孙卓不应该受到过度苛责，鼓吹他与养父母断绝关系，不现实。符建涛对养父母的敌视态度，是一个很特殊的个案，他决然离开养父母，对养育之恩不抱任何感激的决绝姿态，非常符合网友黑化养父母的期待，也符合网友严惩养父母的合理要求。正是在符建涛的对比下，网友对孙卓的选择不以为然，褒扬符建涛、贬低孙卓的舆论在认亲的温情结束后，成为舆论争执不下的话题。所以，在许多认亲案例之后，比如电影《失孤》原型郭刚堂找到被拐卖24年的儿子郭新振，舆论会在寻亲成功的喜悦与严惩养父母的愤怒之间摇摆，令当事人很难堪。在这样的情形下，众意最后即使强烈谴责养父母，可对被拐儿童宽容养父母家庭一般都是同情之理解，但在符建涛与孙卓认亲上，舆论反弹很大。在符建涛孙卓案例之前，被拐卖儿童长大后被寻亲的亲生父母找到后，一般都会表示同时兼顾原生家庭和养父母家庭，更有甚者，会对养父母更看重一些。随着公安部团圆计划的推动，寻亲时有成功案例，舆论逐渐对孙卓式选择凝聚了不满，认为这种态度不利于打击拐卖犯罪，不利于展示买卖同罪的惩罚力度。符建涛对养父母没有感情，对他来说，自己是从养父母那“虎口脱险”，与亲生父母相认后，果断与养父母家断绝关系。孙卓的态度是亲生父母和养父母都重要，养育之恩难以割舍，所以要两边兼顾。符建涛的选择很受网民支持，但孙卓的立场不被网友理解，对他出现了不少难听的辱骂。如果没有符建涛提供的线索，孙卓恐怕很难在这个时候被发现。同理，如果没有符建涛自小就埋藏在心底的身世秘密，他也不可能主动跟警方联络。符建涛和孙卓这一对同年的深圳流动儿童，因为被同个人贩子拐卖，命运有了很多交织，即使现在都与亲生父母相认，两人对养父母的相反态度也给出难题。孙卓能与亲生父母相认，非常有戏剧性。因为拐卖孙卓的吴某龙同年拐卖了时年4岁的符建涛，聪慧的符建涛从小就察觉自己被拐卖的身世，表面上与养父母维持关系，长大后自行寻找证据，于今年12月初在深圳与亲生父母认亲。警方通过符建涛的指认，发现嫌犯吴某龙将孙卓送给了家中无子的二哥，进而找到孙卓。12月6日，深圳公安举办了被拐儿童认亲活动，2007年被拐卖到山东、时年4岁的孙卓与亲生父母孙海洋夫妇相认，认亲场面充满着失而复得后的强烈喜悦。因为孙海洋是电影《亲爱的》的主人公原型，这场认亲受到全国关注。孙卓表示会选择回到养父母家，那边还有两个对他很好的姐姐，亲生父母那边相当于多一个家。文|杜虎原标题：支持买卖同罪，也不必辱骂对养父母有感情的被拐孩子,['35万']
title,content,reading
浙江宁波在大规模核酸检测中发现5例阳性,责任编辑：宁波市人民政府副市长许亚南介绍，截至12月7日10时，浙江宁波已落实管控20994人，累计开展核酸检测275775人，其中镇海区267551人；全市已出报告数154742人，其中镇海区147829人，检测发现5例阳性。其余全部为阴性(根据最新结果调整发布）。原标题：浙江宁波在大规模核酸检测中发现5例阳性,['84万']
title,content,reading
贵州事业单位考试主观题与往年雷同？官方回应了,责任编辑：网民反映的试题雷同问题，正组织专门力量进一步调查核实，若有失职失责、违规违纪行为，将严肃追究责任。本次考试命题环节实行命题专家和工作人员封闭管理、通讯工具上缴集中保存、签订保密承诺书等措施，未发现试题泄露情况。12月5日，贵州省事业单位公开招聘公共科目考试结束后，贵州省人力资源和社会保障厅考试院接考生来电，反映主观试题内容与往年雷同。接报后，贵州省人力资源和社会保障厅考试院迅速组织人员进行调查核实，现就有关情况通报如下：原标题：贵州事业单位考试主观题与往年雷同？官方回应了,['49万']
title,content,reading
青岛教育局回应“滨海学院学生坠楼”：第一时间介入，警方正调查,责任编辑：据青岛滨海学院官网简介，青岛滨海学院始建于1992年，2005年成为山东省首批（两所）民办本科高校，2009年具备学士学位授予权，2017年被确定为山东省硕士学位授予立项培育建设单位，2019年与青岛大学联合培养硕士研究生。澎湃新闻记者从另一名学生处获得一段班会录音。录音中一女声称，12月4日9时33分左右，2019级英语专业一名学生从学校28号公寓楼跌下，学校老师发现后第一时间拨打了120，送至青大医院西海岸分院抢救，20时抢救无效确认死亡。事件发生后，学校拨打110，请警方调查。同日，青岛滨海学院一名学生说，“当天9点40分左右，我在学校听到了救护车的声音，紧接着通过不同的（微信）群了解到有人坠楼”。该学生表示，5日晚上开班会时，班级导员对此事进行了通报。澎湃新闻记者致电青岛滨海学院校办、外国语学院，对方均表示不负责此事，不予回应。网传现场视频截图网传4日早上青岛滨海学院有学生坠楼，该学生疑为外国语学院一名男生。7日上午，青岛市教育局一名工作人员告诉澎湃新闻（www.thepaper.cn），教育局已第一时间参与其中，指导学校进行相关工作，警方已经介入，正在调查。原标题：青岛教育局回应“滨海学院学生坠楼”：第一时间介入，警方正调查,['17万']
title,content,reading
福建一蓄水坝放水致父女被冲走：仍在搜救，相关责任人被控制,责任编辑：建阳区政府官网12月6日22时许发布通报称，6日11时左右，因上游蓄水钢坝放水，建阳水南桥下河滩地有两人落水。接警后，区委区政府组织搜救工作，截至目前搜救工作仍在开展中。据媒体稍早前报道，记者从建阳区政府获悉，正调查水坝管理方是否存在违规操作，相关责任人已被控制。同日，建阳区应急管理局一名工作人员称，事发后，他们单位已协调救援队伍进行搜救，目前尚未找到落水人员。12月7日，福建南平建阳区委宣传部一名工作人员告诉澎湃新闻（www.thepaper.cn），水坝放水时，有四五名附近的居民正在河滩中间晒太阳，“没有人告知说现在要放水，水坝放水后冲走两个人”。该工作人员称，落水的两人系父女关系，目前尚未找到，仍在搜救中。至于水坝放水的原因，尚未接到反馈。12月6日，福建省南平市建阳区一上游蓄水钢坝放水，致下游河滩地两人落水，目前仍在搜救。原标题：福建一蓄水坝放水致父女被冲走：仍在搜救，相关责任人被控制,['64万']
title,content,reading
假冒“老中医”卖药大肆敛财，这些套路千万别信→,责任编辑：（总台记者唐高林黄成）警方查明，自2019年以来，该案犯罪集团采取公司化模式运营，每年投入上百万元宣传费，通过网络、电视等平台进行推广，虚构所谓医学专家的良方偏方，夸大、虚构药品疗效，欺骗群众。目前，该案的157名犯罪嫌疑人已被审查起诉，案件还在进一步办理中。据关某奇、王某诗等主要犯罪嫌疑人交代，他们招聘的员工在上岗之前，都要经过所谓“中医知识”培训。此外，针对一些受害者反映没有疗效，他们也有一套应对的“话术”和“剧本”。总台记者唐高林：我手里这厚厚一叠试卷，就是这个公司员工，他们在上岗之前，都要进行这一个考核，合格以后，才冒充“老中医”进行诈骗。据办案民警介绍，受害人花大价钱购买到的特效药，其实都是廉价的保健食品等。这个公司也没有药品生产研发能力，产品都是由合作的药物公司代发。南通海安市公安局刑警大队民警张进：这个产品其实是个代用茶，成本也就是在2至3块钱一袋，经过他们的包装之后，所谓的特效药和老中医研制的药，卖给我们受害人，能达到150块钱一包。在这次的抓捕行动中，这个700多人的犯罪集团被“一网打尽”，其中157人涉嫌刑事犯罪。那么，这个诈骗团伙，是如何让受害人一步步相信的呢？团伙被“一网打尽”157人涉嫌刑事犯罪南通市公安局副局长陶峰：现场抓获涉案嫌疑人700多名，受害人遍布全国各地，初步统计人数超过了10万，涉案金额达到了3亿多元。据调查，这家公司总部位于北京，成立于2019年，在河北保定还有多家子公司，专门从事虚假保健品的销售。在掌握大量证据的情况下，今年7月4日，江苏南通警方抽调450多名警力，在北京、河北两地警方的配合下，集中开展抓捕行动，同步对700多个涉案账户进行了冻结。专案组在抓捕现场发现，该公司为了防止警方获得电子数据，把5台服务器隐藏在办公室书柜后的暗门里和天花板上。南通海安市公安局刑警大队民警赵捷：受害人这个药也给我们带过来了，我们一看是代用茶，饮品，就是保健品，没有什么治疗效果的。南通市公安局刑警支队副支队长周洲：除了涉及这个眼科、眼药、男性健康性药品，还有减肥药。随后，陶女士向当地警方报警。警方梳理发现，在南通地区，类似陶女士这样的受害者就有30多位，警方随即展开了深入调查，一家披着合法外衣的医疗保健品公司逐渐浮出了水面。受害人陶女士：前前后后大概三四万块钱的疗程，吃了之后跟以前这个情况比，没有多大改变。家住江苏南通市区的陶女士，为了根治眼睛疾病，经常在网上寻医问药。一次偶然机会，她看到了某网络平台上的一则广告，对方自称出身中医世家，并向她推荐一款祖传的药。近日，江苏南通警方通报一起特大网络诈骗案，查获涉案成员720多名，涉案金额达3亿多元。诈骗分子以合法公司为伪装，假冒“老中医”和夸大药效等手段骗取患者的信任，通过“套路卖药”大肆敛财。原标题：假冒“老中医”卖药大肆敛财，这些套路千万别信→,['4394']
title,content,reading
因新冠疫情封锁，朝鲜被联合国排除在明年人道援助对象国之外,责任编辑：拉尔克表示，“根据国际准则，将继续制定2022年的对朝人道主义援助计划。联合国依然在致力于参加与朝鲜有关的活动，并给需要帮助的人提供援助。我们希望我们的工作人员能够回到朝鲜，并予以更加广泛和综合性的应对”。另一方面，联合国粮农组织（FAO）近期发布的一份报告将朝鲜列为全球44个需要外部粮援的国家之一。FAO方面表示，大多数朝鲜居民由于粮食摄入量不足而饱受痛苦，朝鲜的食品品种多样性也不足。美国国务院前朝鲜人权事务特使罗伯特·金日前接受一家媒体采访时表示，向被援助国家派遣专家是联合国人道主义援助工作的基本原则。朝鲜若不允许联合国工作人员进行实地考察，相关预算就会优先分配给其他国家。上述报告指出，朝鲜、阿富汗、缅甸面临严重的缺粮问题，到今年年底情况可能会更糟。除朝鲜外，报告中提到的30个人道主义危机国家均被列入援助对象国名单。据韩联社报道，OCHA报告称，鉴于朝鲜从2020年1月起因新冠疫情封锁边境，并限制境内人员流动，联合国机构的工作人员难以前往朝鲜进行实地考察与工作监督，故采取上述措施。另据《中央日报》12月6日报道，联合国人道主义事务协调办公室发言人延斯·拉尔克表示，没有公布明年的对朝援助计划是因为“难以接近朝鲜，缺乏可验证的新消息”。联合国人道主义事务协调办公室（OCHA）近日在官网发布的一份报告显示，朝鲜继2020年后再次被排除在人道主义援助对象国家名单之外，不在联合国明年人道援助对象国之列。资料图原标题：因新冠疫情封锁，朝鲜被联合国排除在明年人道援助对象国之外,['24万']
title,content,reading
美总统拜登：处方药价格在这个国家“贵到离谱”！,责任编辑：拜登本人也没有舒默那么乐观。6日，他在回应相关问题时仅表示，他希望能尽快“搞定”，但强调不管多长时间，都要完成。此前有报道指，拜登对于预算案今年年内能否通过表示怀疑。不过，目前仍不清楚这一时间表能否实现。最保守的两名民主党参议员曼钦和西内玛仍在表达对法案的担忧。美国参院民主党领袖舒默6日在一封写给民主党同僚的信中表示，该法案会在未来两周内从参院相关委员会过关，“我们的计划是让参院在圣诞节前通过立法，交到总统的桌上。”有分析指出，在民众已经对不断上涨的通胀率十分担忧之际，拜登正试图通过强调处方药价等问题，来说明他的经济计划将如何帮助普通美国人。已在众院通过的“更好地重建”(BuildBackBetter)法案中包含了降低处方药价的计划。法案要求联邦政府从2025年起就红蓝卡(Medicare)的药价进行谈判。另外，法案要求，从2023年起，药企每年涨价幅度不允许超过通胀率，否则须返还利润中的差价。拜登在白宫的讲话中表示：“我们都同意，处方药价格在这个国家已经贵到离谱了。本不该是这样的。”当地时间3月25日，美国总统拜登举行了上任60多天来的首场正式新闻记者会，回答了边境危机、控枪、基建计划等热点问题。中新网12月7日电据美国中文网报道，美国总统拜登6日就药价发表讲话，他称美国的处方药价格已极其高昂，并称其开支法案将有助于降低药价，呼吁国会参院尽快通过。原标题：美总统拜登：处方药价格在这个国家“贵到离谱”！,['4.4万']
title,content,reading
俄高官批美国“外交抵制”北京冬奥：试图达到政治目的，有违奥运精神,责任编辑：赵立坚还表示，美方应该做的是端正态度，践行“更团结”的奥林匹克精神，严肃对待中方关切，不将体育运动政治化，停止炒作所谓“外交抵制”北京冬奥会，以免影响中美在重要领域的对话合作。如果美方一意孤行，中方必将采取坚决反制措施。赵立坚表示，冬奥会不是政治作秀和搞政治操弄的舞台。美国政客在没有受到邀请情况下不断炒作外交抵制北京冬奥会，完全是自作多情、哗众取宠、政治操弄，是对《奥林匹克宪章》精神的严重玷污，是赤裸裸的政治挑衅，更是对14亿中国人民的严重冒犯，只会让中国人民和全世界人民看清看透美国政客的反华本质和虚伪面目。当地时间6日，美国白宫新闻秘书普萨基宣称，拜登政府将不会派出美国官方代表团参加2022年北京冬奥会，以此正式宣布所谓美国“外交抵制”北京冬奥会。而在美国媒体此前反复发出美将“外交抵制”北京冬奥会的预告时，中国外交部发言人赵立坚6日已在例行记者会上回应说，我愿重申，北京冬奥会是全球冬奥运动员和冰雪运动爱好者的盛会，他们才是主角。当前，北京冬奥会筹备工作已经进入倒计时冲刺阶段，包括国际奥委会在内的国际社会高度认可筹办工作，外国运动员热切期待来华参赛，其中包括数量众多的美国和日本运动员。我们相信，在奥林匹克精神指引下，在各方共同努力下，我们一定能够为世界呈现一届简约、安全、精彩的奥运盛会。报道称，吉洪诺夫还表示，希望在美国官员不出席的条件下，奥运会将在没有丑闻的情况下和平举行。《消息报》报道称，吉洪诺夫认为，美国官员不出席冬奥会是好事。他还说，“美国是整个地球上最令人头疼的地方，是地球的癌症肿瘤”。“Matchtv”网站报道称，谈及美国政府宣布所谓“外交抵制”北京冬奥会，朱可夫说，“正如我之前说过，这跟体育毫无关系。这不会对奥运会的举办产生影响，确切说的话，至少不会产生负面影响。这意味着拜登和他的幕僚不会到场，仅此而已。美国人总是试图利用奥运会达到某些政治目的，这实际上违背了奥运精神。我相信，在美国外交官缺席的情况下，奥运会将是真正的体育盛会。”【环球网报道记者张江平】拜登政府当地时间6日宣布“外交抵制”北京冬奥会。综合俄罗斯《消息报》、“Matchtv”网站等媒体6日报道，俄罗斯奥委会名誉主席亚历山大·朱可夫批评说，美国总是试图利用奥运会达到某些政治目的，这实际上违背了奥运精神。俄罗斯冬奥会冠军、冬季两项运动员亚历山大·吉洪诺夫说，美国是地球的癌症肿瘤，美国官员不出席冬奥会是好事。原标题：俄高官批美国“外交抵制”北京冬奥：试图达到政治目的，有违奥运精神,['5.7万']
title,content,reading
美空军部长：吓不到中国，留着它干嘛？,责任编辑：对于美国空军的言论，中国空军新闻发言人申进科大校回应：一不怕苦，二不怕死，这是中国军人的座右铭。空军官兵坚决捍卫国家空天安全、坚定维护国家发展利益，让党和人民放心。目前，美国空军已经开始淘汰老旧战机，在2022财年美国国防预算中，美国空军计划在2022年退役42架A-10，48架F-15C/D和47架F-16共138架战机，4架E-8“联合星”和全部20架RQ-4“全球鹰”。由于F-35等战机的入列少于退役飞机数量，这使得美国空军整体机队规模有所缩减。布朗强调，在具有挑战性的环境中，部分现役战斗机、侦察机和指挥控制飞机等都不再合用，那些较老旧或是维修费用高昂的军机可能也会在考虑淘汰的名单内。他表示，如果国会不允许老旧飞机退休，这将增加现役美军在高科技冲突面临风险。当被问及五角大楼2023年预算提案中必须做出的选择时，布朗表示，空军必须在保持现有机队规模和采购新飞机中做出取舍，这是一个“艰难的选择”，空军需要平衡风险。这意味着确保前线司令部仍能执行任务，同时仍保留足够的资源实现下一代平台现代化。除了肯德尔以外，美国空军其他高级官员也支持淘汰在役的老飞机。在12月1日份接受“防务新闻”采访时，美国空军参谋长查理斯·布朗（CharlesQ.Brown）也强调了让一些旧飞机机身退役的重要性，这样美国空军就可以引进更多F-35和其他新飞机。肯德尔是拜登政府时代宣誓就职的新任美国空军部长，自上任伊始他就宣称要开发“能吓到中国”的新技术。肯德尔在8月13日接受《防务新闻》独家采访时表示，中国空军的现代化比预想的快得多，美国空军目标应该是开发“吓到中国”的那种跨越式技术。但空军预算有限，需要国会同意退掉不合时宜的老旧飞机以开发新飞机。他还表示，长久以来，美国空军一直设法淘汰如A-10等“废铁”，却遭遇国会的抵制，国会这么做的原因是因为他们不希望自己州的项目失去就业机会。随后，肯德尔开始渲染“中国空军威胁”。他表示，中国空军的现代化努力集中在能击溃美国的现代化高价值资产上，而美军在这方面的投资“相当少”。肯德尔说：“美国空军平均机龄超过30年，已经成为拖累空军前进的锚……如果这些武器威胁不到中国，我们为什么要留着它？”美国“防务新闻”5日报道称，肯德尔在里根国防论坛的发言中提到，虽然MQ-9无人机、老式加油机和A-10攻击机在反恐战争中很有用，但这些过时机型无法应对未来与中国的冲突。肯德尔呼吁，美国空军迫切需要淘汰过时的机型、专注于新一代战机以应对快速现代化的解放军。在4日举行的里根国防论坛上，新上任美国空军部长弗兰克·肯德尔再次谈及了这一话题。这位自上任伊始就“要吓到中国”的美国空军部长又喊出了一句口号：“如果（老飞机）吓不到中国，我们为什么还需要留着它？”【文/观察者网王世纯】自2019年以来，美国空军一直呼吁淘汰空军机队内A-10等老旧的机型以节省资金采购新机型，而这一呼吁之前一直被美国国会所反对。原标题：美空军部长：吓不到中国，留着它干嘛？,['20万']
title,content,reading
南非新冠肺炎检测呈阳性率达26.4%,责任编辑：截至当地时间12月6日晚间，南非新冠肺炎确诊病例总数达到3038075例，死亡病例总数89975例。随着第四波新冠肺炎疫情高峰的提前到来，南非新冠肺炎检测呈阳性率目前已飙升至26.4%，形势不容乐观。南非卫生专家明确指出，奥密克戎变异毒株与此前发现的其他变异病毒有很大不同，它是导致第四波疫情高峰确诊病例激增的主要原因。（中新社记者王曦）原标题：南非新冠肺炎检测呈阳性率达26.4%,['3631']
title,content,reading
习近平在中共中央政治局第三十五次集体学习时强调　　坚定不移走中国特色社会主义法治道路　　更好推进中国特色社会主义法治体系建设,责任编辑：习近平强调，各级党委要担负好主体责任，聚焦重大部署、重要任务、重点工作，加强组织领导，主动担当作为，力戒形式主义、官僚主义。各条战线各个部门要齐抓共管、压实责任、形成合力，提高工作法治化水平。（完）习近平指出，要加强法治理论研究和宣传，加强中国特色法学学科体系、学术体系、话语体系建设。要把中国特色社会主义法治思想落实到各法学学科的教材编写和教学工作中，努力培养造就更多具有坚定理想信念、强烈家国情怀、扎实法学根底的法治人才。要加强对律师队伍的政治引领，教育引导广大律师自觉遵守拥护中国共产党领导、拥护我国社会主义法治等从业基本要求，努力做党和人民满意的好律师。要把推进全民守法作为基础工程，推动各级领导干部带头尊法学法守法用法，引导广大群众自觉守法、遇事找法、解决问题靠法。要总结我国法治体系建设和法治实践的经验，阐发我国优秀传统法治文化，讲好中国法治故事。习近平强调，要坚持统筹推进国内法治和涉外法治，加强涉外领域立法，推动我国法域外适用的法律体系建设。要把拓展执法司法合作纳入双边多边关系建设的重要议题，提升涉外执法司法效能，坚决维护国家主权、安全、发展利益。习近平指出，要深化法治领域改革，围绕让人民群众在每一项法律制度、每一个执法决定、每一宗司法案件中都感受到公平正义这个目标，深化司法体制综合配套改革，加快建设公正高效权威的社会主义司法制度。要健全社会公平正义法治保障制度，健全执法权、司法权、监察权运行机制，健全权力制约和监督。要加快构建系统完备、规范高效的执法司法制约监督体系，加强对立法权、执法权、监察权、司法权的监督，健全纪检监察机关、公安机关、检察机关、审判机关、司法行政机关各司其职，侦查权、检察权、审判权、执行权相互制约的体制机制。要完善法治人才培养体系，加快发展律师、公证、司法鉴定、仲裁、调解等法律服务队伍，深化执法司法人员管理体制改革，着力建设一支忠于党、忠于国家、忠于人民、忠于法律的社会主义法治工作队伍。要深化政法队伍教育整顿，继续依法打击执法司法领域腐败案件，推动扫黑除恶常态化。习近平强调，要加强国家安全、科技创新、公共卫生、生物安全、生态文明、防范风险等重要领域立法，加强民生领域立法，努力健全国家治理急需、满足人民日益增长的美好生活需要必备的法律制度。要发挥依规治党对党和国家事业发展的政治保障作用，形成国家法律和党内法规相辅相成的格局。要抓住立法质量这个关键，深入推进科学立法、民主立法、依法立法，统筹立改废释纂，提高立法效率，增强立法系统性、整体性、协同性。各级立法机构和工作部门要遵循立法程序、严守立法权限，切实避免越权立法、重复立法、盲目立法，有效防止部门利益和地方保护主义影响。要健全法律面前人人平等保障机制，维护国家法制统一、尊严、权威，一切违反宪法法律的行为都必须予以追究。各级党组织和领导干部都要旗帜鲜明支持司法机关依法独立行使职权，绝不容许利用职权干预司法、插手案件。习近平指出，要坚持法治体系建设正确方向，坚持党的领导，坚持中国特色社会主义制度，贯彻中国特色社会主义法治理论。中国特色社会主义法治体系是中国特色社会主义制度的重要组成部分，必须牢牢把握中国特色社会主义这个定性，正确处理政治和法治、改革和法治、依法治国和以德治国、依法治国和依规治党的关系，在坚持党的全面领导、保证人民当家作主等重大问题上做到头脑特别清晰、立场特别坚定。要始终坚持以人民为中心，坚持法治为了人民、依靠人民、造福人民、保护人民，把体现人民利益、反映人民愿望、维护人民权益、增进人民福祉落实到法治体系建设全过程。习近平强调，我们已经踏上了全面建设社会主义现代化国家、向第二个百年奋斗目标进军的新征程，立足新发展阶段，贯彻新发展理念，构建新发展格局，推动高质量发展，满足人民群众对民主、法治、公平、正义、安全、环境等日益增长的要求，提高人民生活品质，促进共同富裕，都对法治建设提出了新的更高要求。建设中国特色社会主义法治体系，要顺应事业发展需要，坚持系统观念，全面加以推进。习近平在主持学习时发表了重要讲话。他指出，党的十八大以来，党中央把全面依法治国纳入“四个全面”战略布局予以有力推进，对全面依法治国作出一系列重大决策部署，组建中央全面依法治国委员会，完善党领导立法、保证执法、支持司法、带头守法制度，基本形成全面依法治国总体格局。党的十八届四中全会明确提出全面推进依法治国的总目标是建设中国特色社会主义法治体系、建设社会主义法治国家。我们抓住法治体系建设这个总抓手，坚持党的领导、人民当家作主、依法治国有机统一，坚持依法治国、依法执政、依法行政共同推进，坚持法治国家、法治政府、法治社会一体建设，全面深化法治领域改革，统筹推进法律规范体系、法治实施体系、法治监督体系、法治保障体系和党内法规体系建设，推动中国特色社会主义法治体系建设取得历史性成就。中国法学会副会长徐显明同志就这个问题进行讲解，提出了工作建议。中央政治局的同志认真听取了他的讲解，并进行了讨论。新华社北京12月7日电中共中央政治局12月6日下午就建设中国特色社会主义法治体系进行第三十五次集体学习。中共中央总书记习近平在主持学习时强调，我国正处在实现中华民族伟大复兴的关键时期，世界百年未有之大变局加速演进，改革发展稳定任务艰巨繁重，对外开放深入推进，需要更好发挥法治固根本、稳预期、利长远的作用。要坚定不移走中国特色社会主义法治道路，以解决法治领域突出问题为着力点，更好推进中国特色社会主义法治体系建设，提高全面依法治国能力和水平，为全面建设社会主义现代化国家、实现第二个百年奋斗目标提供有力法治保障。原标题：习近平在中共中央政治局第三十五次集体学习时强调　　坚定不移走中国特色社会主义法治道路　　更好推进中国特色社会主义法治体系建设,['7']
title,content,reading
克罗地亚残奥委主席：相信我们的运动员在北京拥有优异的参赛条件,责任编辑：科瓦契奇认为，体育让残疾人更自信地走出家门，更有活力、有自信地上学、参与社交。他说：“所有残疾人运动员们，不论是否有资格参加残奥会，在体育精神的鼓舞下，他们中的很多人都能顺利地去上学，甚至完成高等教育的学习。体育让他们更活跃、更容易找到工作，实现自我。这是残疾人奥林匹克的价值所在。”科瓦契奇认为，体育不只是一场场比赛，更是一种拉近人与人之间距离的价值观，体育是志同道合的人们的聚会：“残疾人奥林匹克运动更是如此。我们不是通过比赛成绩评价运动员，所有站在赛场上的人都是胜利者，他们已经取得了成功，展示出了自己的勇气、投入和战胜困难的能力，这是我们在运动员们身上看到的最重要的东西。”两年来肆虐的疫情给运动员们的备战带来了不小的困难。“运动员们是在非常艰难的条件下备战的。”科瓦契奇介绍说，“其中很大的问题是没有合适的比赛让他们确认自己的状态，上雪训练的时间也太少。虽然疫情形势非常复杂，但我相信东道主会像之前的北京残奥会那样，组织高效、热情周到，让我们的运动员拥有优异的参赛条件。”科瓦契奇说：“希望我们能将好运延续至2022年的北京冬残奥会上。”据悉，此次克罗地亚将有3名残疾人运动员参加单板滑雪、高山滑雪两个项目的角逐。2002年，克罗地亚残疾人运动员首次在冬季奥林匹克运动会上亮相，在盐湖城参加了高山滑雪和大回转项目的比赛。20年间，这个中东欧小国没有缺席过任何一届冬残奥会。2018年在平昌，克罗地亚运动员创造了1金1铜两枚奖牌的本国最好成绩，成为为数不多的在夏季和冬季残奥会上都斩获过奖牌的国家。拉特科·科瓦契奇在接受总台记者专访时说：“克罗地亚和中国作为两个友好国家，不光在经贸领域联系密切，在体育领域更是如此。非常高兴和自豪我们将参加2022年北京冬残奥会。我至今记得2008年来北京参加夏季残奥会时的情景，克罗地亚残疾人运动员获得了3金1银的好成绩。我们当时与中国奥委会和中国驻克罗地亚大使馆建立起的友谊延续至今。”　　国际在线报道（记者于希、赵波、伊维察·科尔曼）：克罗地亚残疾人奥林匹克委员会主席拉特科·科瓦契奇日前表示，相信中国作为东道主会高质量地组织好2022年北京冬残奥会。克罗地亚残疾人奥林匹克委员会主席拉特科·科瓦契奇（受访者供图）原标题：克罗地亚残奥委主席：相信我们的运动员在北京拥有优异的参赛条件,['16']
title,content,reading
【听·龙江】哈市启动主城区外第一轮全员核酸检测,责任编辑：●“千峰笋石千株玉，万树松萝万朵银。”12月7日5时57分，我们迎来“大雪”节气，大雪是冬季的第三个节气，经过了立冬，小雪后，到大雪已经是深冬了，请及时关注天气变化，根据温度情况合理调整着装，注意出行安全。●12月的绥芬河虽已寒风凛冽，但项目建设的步伐却没有停歇。作为省市百大项目之一的绥芬河互贸（国际）物流加工园区项目，正在抢抓工期，紧张建设，预计12月末即可投入使用。●记者从哈尔滨海关获悉，中俄东线天然气管道自2019年12月2日正式投产通气，至2021年12月2日，哈尔滨海关所属黑河海关累计监管进口天然气136亿立方米，安全平稳运行两周年。●记者从雪乡所属的大海林林业局有限公司了解到，从12月7日起，雪乡旅游风景区、亚雪沿线各景点、永安林场、太平沟林场等涉旅经营场所暂停对外开放，恢复开放时间另行通知。●为进一步强化工作力量，缓解一线压力，有效控制和降低哈市新冠疫情传播风险，共青团哈尔滨市委面向全社会招募青年防疫流调追踪志愿者。招募条件为身体健康、思想政治坚定，纪律意识强，具有奉献精神，热心公益事业，无不良记录、常驻地在哈尔滨市的20至40周岁公民。●近日，哈尔滨市各级市场监管部门对在营市场主体“扫码、测温、戴口罩”及落实哈尔滨市疫指公告“应关尽关”执行情况持续进行全面检查。经检查，责令停业整顿防疫“三宝”落实不到位及应关未关市场主体100家，未落实疫情防控措施药店8家。●记者从哈尔滨市商务局获悉，目前，哈市生活必需品市场货源充足，品种齐全，品类丰富，可以满足哈市居民长期稳定供应。●哈尔滨市公安交管部门决定从12月7日起，对市区内相关交管业务窗口全面实行预约办理。市民可通过“龙江e行”微信公众号进行线下预约或通过交管12123平台办理线上交管业务。●12月6日0-24时，哈尔滨市新增外省关联本土新冠肺炎确诊病例2例，其中香坊区1例、南岗区1例，均在集中隔离观察期间和全民核酸检测中发现，已闭环转运至市第六医院进行隔离治疗。为快速发现和有效控制传染源，哈尔滨市指挥部发布第44号公告，决定于12月7日8时，启动主城区以外呼兰、阿城、双城3区和巴彦县、宾县、依兰县、延寿县、木兰县、通河县、方正县、五常市、尚志市9县（市）第一轮全员核酸检测。确保应检尽检、不漏一户、不落一人。原标题：【听·龙江】哈市启动主城区外第一轮全员核酸检测,['12']
title,content,reading
山东已建立598对国际友城关系不断拓展与RCEP成员国合作渠道,责任编辑：据悉，截至目前，山东已与10个RCEP成员国建立了230对国际友城关系。(完)中共山东省委外事工作委员会办公室副主任李荣称，面对友城工作新形势，尤其是疫情持续影响对外交往的情况下，山东将创新交往模式，建立机制平台，不断巩固和提升友城间务实合作，打造一系列宽领域、多层次、机制化的国际友城交往品牌。“经贸往来是友城合作的重点。”蔡先金介绍说，自1979年青岛市与日本山口县下关市缔结成为山东第一对国际友城以来，该省充分利用友城资源为“走出去”“请进来”架桥铺路，致力于推动投资、经贸、产业技术等领域务实合作，早期促成的重型汽车、造船、变压器等标志性项目，为山东制造业领先发展作出积极贡献。截至目前，山东通过友城渠道，已累计促成投资合作项目1.1万个，总投资额逾6000亿元人民币。蔡先金说，今年以来，该省已成功举办中日韩对接合作发展山东行、中国(山东)—东盟中小企业合作发展大会、RCEP区域(山东)进口商品博览会、上合组织国际投资贸易博览会等多场重大对外交往活动，促成与“一带一路”友城间多项经贸、人文、社会领域合作。“山东充分利用与日韩、东盟等RCEP成员国的天然区位优势和成功举办上合组织青岛峰会的发展机遇，不断扩大与RCEP、上合组织等重点区域、国家地方政府交往。”中共山东省委外事工作委员会办公室主任蔡先金表示，近年来，山东在密切传统国际友城交往的同时，积极开辟“一带一路”沿线国家友城交往渠道，努力形成点、线、面有机结合的良好布局；积极参与中巴经济走廊、中蒙俄经济走廊建设；加强中非合作，新建与尼日利亚阿夸伊博姆州等4个州的工作联系。中新网济南12月7日电(吕妍)记者12月7日从山东省人民政府召开的新闻发布会上获悉，截至目前，山东已与六大洲88个国家建立了598对国际友城和友好合作关系，并不断拓展与RCEP成员国合作渠道。山东省人民政府12月7日举行新闻发布会。　吕妍　摄原标题：山东已建立598对国际友城关系不断拓展与RCEP成员国合作渠道,['39']
title,content,reading
谭鸭血武汉一门店“天降老鼠”，致歉称“未发现食安问题”,责任编辑：编辑王琳校对柳宝庆新京报记者王萍根据天眼查信息显示，“谭鸭血老火锅”品牌所属公司为四川谭公餐饮管理有限公司，罗毅担任法定代表人，持有59.5%股份。同时，罗毅还担任四川至膳品牌管理有限公司法定代表人、执行董事兼总经理。公开资料显示，“至膳”是一家专注于餐饮连锁运营的现代化餐饮管理公司，陈赫等明星合资创立的“贤合庄火锅”就是由至膳集团孵化。值得注意的是，谭鸭血火锅食材一直问题不断。2020年12月，有消费者投诉谭鸭血广西桂林一门店吃出蛆虫。涉事门店经理称“是果虫不是蛆虫，是从自助水果中出来的”。今年9月，有网友报料在湖南岳阳一谭鸭血老火锅用餐时，发现锅内有活动的蠕虫。涉事门店负责人对媒体解释称，虫子可能是锅底西红柿所携带的“果虫”，门店暂时下架含有西红柿的锅底。12月6日晚，谭鸭血老火锅微博发布致歉声明，对其武汉楚河汉街一门店出现老鼠作出回应，声明中称，“近日门店进行了常规的鼠害消杀处理，消杀期间，出现被关注的老鼠掉落事件。门店发现后第一时间进行了处理，对顾客进行安抚和免单，并及时进行了全面排查和隐患整改。此事发生后，当地监管部门已于12月6日来到涉事门店进行专项检查。经过全面检查，未发现门店有食品安全卫生问题。”根据视频显示，目击者刘女士说，吃饭时突然听到旁边一桌一声尖叫，然后就看到了地上的老鼠。“老鼠是活的，当时还在动。”随后店员过去把老鼠扫走了。事后店长与食客协商免单后食客离开。刘女士称，上传视频后，收到店长私信称，可免单并要求删除视频。该门店工作人员同时称，已经整改，相关部门也已经检查，并表示每个月都会做消杀工作。图/社交平台截图新京报讯（记者王萍）有网友视频报料显示，消费者在谭鸭血老火锅武汉楚河汉街一门店就餐时，天花板上掉下老鼠，随后店员淡定将其扫走。12月7日，据谭鸭血老火锅微博相关致歉声明显示，该门店在常规的鼠害消杀期间发生老鼠掉落，已对顾客安抚并免单，同时称“经过全面检查，未发现门店有食品安全卫生问题”。原标题：谭鸭血武汉一门店“天降老鼠”，致歉称“未发现食安问题”,['32']
title,content,reading
内地首家沃尔玛今起停业！现场贴牌被拆、裙楼作价超2亿出售,责任编辑：南都记者查阅相关股权公告，显示华润资本早在2016年，通过相关平台出售深国投实业的100%股权。8月11日，该深国投实业的100%股权最终以超2.81亿元在上海联合产权交易所成交。目前，受让方信息仍处保密阶段。国际基金买下，作价超过2亿元。第一太平戴维斯深圳公司总经理吴睿在接受南都记者采访时，也确认该宗交易的存在，今年后半年约1.7万平方米的大宗商业物业第一太平戴维斯促该相关交易，核心资产，也由此变更。而在今年8月，深国投实业100%股权已顺利“易主”，而该湖景花园裙楼、即洪湖沃尔玛所在商场，作为深国投实据南都记者了解，洪湖沃尔玛所属的湖景花园裙楼，其原业主方为深国投实业。据悉，该湖景花园1-3层裙楼，总建筑面积约1.7万㎡。5年间，洪湖沃尔玛为附近居民提供了不少便利，对于如今的停业，梁女士流露出了不解与不舍，“好好的沃尔玛怎么就要停业呢？想想是很不舍得，对于住在这附近的居民来说也是失去了一个便利。”第一家沃尔玛洪湖沃尔玛开业时的盛况，梁女士表示，当时沃尔玛深受周围居民的欢迎，“很多人即使是不买东西，吃饱饭也会来这里走走，特别热闹9年起就居住在附近的市民梁女士告诉向南都记者，自己是看着洪湖沃尔玛从开店到停业的。回忆起从此外，还有不少市民并不知道洪湖沃尔玛12月7日起停业，想要来此购物，才发现沃尔玛已经停业。除了洪湖沃尔玛，位于一楼的建设银行等其他店铺也一并停业，有市民来此办业务吃了“闭门羹”。真假。今天停业，作为附近居民，其对沃尔玛有不舍之情，因而专门在停业日来到现场。亦有市民表示，之前已经听说洪湖沃尔玛要停业，今日来此是想确认除了沃尔玛工作人员，现场还有不少市民，有市民表示，自己知道沃第一家沃尔玛，洪湖沃尔玛的出现承载了不少深圳人的青春回忆。曾是洋气、高档商场的代名词，门口以洪湖沃尔玛为名的公交站台也在向众人叙说着不平凡的过往。作为除沃尔玛外，整栋群楼内，所有门店商铺也都为闭店状态，纷纷张贴出了停业公告。现场，沃尔玛二楼商超口已经关闭，仅余两位工作人员对扶梯旁墙上的沃尔玛墙贴进行清理，其告诉南都记者，沃尔玛内部正在拆除货架。隔着紧闭的铁门，南都记者可以听到内部货架拆除发出的声音。12月7日，洪湖沃尔玛大门外已经摆放、张贴了停业公告。此前，沃尔玛中国回复南都称，因业主方将对物业进行整体升级改造，洪湖沃尔玛所在场地会被业主收回，将于12月7日起停止营业。5年的洪湖沃尔玛，12月7日起正式闭店结业。据悉，深圳“洪湖沃尔玛裙楼”出售，有传作价超过2亿元，南都到访时现场也有数名房地产中介前往裙楼了解相关情况。第一家沃尔玛，陪伴深圳人南都讯记者/摄影陈盈珊郑少纯中国原标题：内地首家沃尔玛今起停业！现场贴牌被拆、裙楼作价超2亿出售,['288']
